horizon_group,model,n_hours,RMSE_F,MAE_F,Bias_F
Days 1–3,Raw GFS,72,4.410529304970097,3.2925,-1.8637499999999991
Days 1–3,Linear Regression,72,4.5222332352649675,3.6188023959206026,-2.2748355768626976
Days 1–3,XGBoost,72,3.138978217187975,2.520037373954223,-1.599695774345761
Days 4–7,Raw GFS,96,7.619150881577946,6.354843750000001,-2.6357812499999995
Days 4–7,Linear Regression,96,7.538859348789701,6.351496235022661,-0.7955538874589108
Days 4–7,XGBoost,96,6.113331977909852,4.829409980873266,0.03044725485146116
Days 8–14,Raw GFS,168,9.048346281177967,7.871919642857144,1.1899553571428565
Days 8–14,Linear Regression,168,9.268518660729695,7.888438498298564,3.857867713009014
Days 8–14,XGBoost,168,8.371999542192706,6.851246273732256,3.0609767845787457
