day_since_start,calendar_date,model,n_hours,MAE_F,RMSE_F,Bias_F
0,2026-09-17,Raw GFS,24,1.481250000000001,2.0017835797108545,-0.33374999999999905
0,2026-09-17,Linear Regression,24,3.3444417157753557,3.6064364877427724,-0.7994779106395372
0,2026-09-17,XGBoost,24,1.769197332213323,2.098176547994649,-0.8812606108933677
1,2026-09-18,Raw GFS,24,3.51,4.232073959656188,-0.4162499999999974
1,2026-09-18,Linear Regression,24,3.0905008278250476,3.7761638255083048,-1.8889580616698562
1,2026-09-18,XGBoost,24,2.8144096973662562,3.272410723041474,-1.3322482604905932
2,2026-09-19,Raw GFS,24,4.8862499999999995,6.036614841945775,-4.8412500000000005
2,2026-09-19,Linear Regression,24,4.4214646441614045,5.838320214342927,-4.1360707582786995
2,2026-09-19,XGBoost,24,2.9765050922830905,3.801122988948165,-2.5855784516533222
3,2026-09-20,Raw GFS,24,3.483749999999999,4.116126820203671,-2.0737499999999986
3,2026-09-20,Linear Regression,24,4.56062106693862,5.024253092268277,-2.1530785503604615
3,2026-09-20,XGBoost,24,3.285803229709465,3.8427863694945756,-1.2079592305421816
4,2026-09-21,Raw GFS,24,8.990625,10.307953998005617,-8.990625
4,2026-09-21,Linear Regression,24,7.252120196320256,9.313378484659657,-7.252120196320256
4,2026-09-21,XGBoost,24,5.256724919875461,6.572625216460828,-5.256724919875461
5,2026-09-22,Raw GFS,24,6.639375000000001,7.621931964731778,-5.784375000000001
5,2026-09-22,Linear Regression,24,4.676788044643199,5.47611600356397,-2.693472435343491
5,2026-09-22,XGBoost,24,3.264642381072045,3.506975687847589,-0.923996223012607
6,2026-09-23,Raw GFS,24,6.305625,7.135515266958652,6.305625
6,2026-09-23,Linear Regression,24,8.916455632188566,9.239459762624508,8.916455632188566
6,2026-09-23,XGBoost,24,7.510469392836094,8.900900162104765,7.510469392836094
7,2026-09-24,Raw GFS,24,11.776874999999999,12.854337424581633,11.776874999999999
7,2026-09-24,Linear Regression,24,13.00018065664097,13.397671452325595,13.00018065664097
7,2026-09-24,XGBoost,24,12.401684022371967,13.439673067344039,12.401684022371967
8,2026-09-25,Raw GFS,24,11.085,11.272881730063526,11.085
8,2026-09-25,Linear Regression,24,12.381487353663525,12.562452538596787,12.381487353663525
8,2026-09-25,XGBoost,24,11.706139802349112,11.932124100403595,11.706139802349112
9,2026-09-26,Raw GFS,24,7.2749999999999995,8.590642438141632,2.2987499999999996
9,2026-09-26,Linear Regression,24,8.425333206678063,10.540389713489294,5.369161689490196
9,2026-09-26,XGBoost,24,7.0278981913626195,8.716844065246473,5.884405891646942
10,2026-09-27,Raw GFS,24,7.2856250000000005,8.056278704370897,-5.4543750000000015
10,2026-09-27,Linear Regression,24,6.2464589192883295,6.633661233898384,-0.8998384948924407
10,2026-09-27,XGBoost,24,4.181795133948327,4.739778146063674,-0.6436412197351465
11,2026-09-28,Raw GFS,24,6.074687500000002,6.9635017793671885,-5.905312500000001
11,2026-09-28,Linear Regression,24,4.7359535491834945,5.281321955286028,-1.612766470233179
11,2026-09-28,XGBoost,24,4.2126326374709615,4.749523078143062,-2.8928894428908833
12,2026-09-29,Raw GFS,24,5.360625,6.341848360296863,-4.606875000000001
12,2026-09-29,Linear Regression,24,3.694836982631022,4.628960151817776,-1.9609171532406091
12,2026-09-29,XGBoost,24,3.8732725935429344,4.35070913095792,-3.8732725935429344
13,2026-09-30,Raw GFS,24,6.2456249999999995,7.306434022490039,-0.8643749999999978
13,2026-09-30,Linear Regression,24,6.734818820004537,7.720125818938758,0.7277664096346393
13,2026-09-30,XGBoost,24,4.555301535079875,5.262768272787569,-1.155588968147832
