valid_time_utc,valid_time_local,forecast_hour,target_day,local_hour,raw_gfs_temp_f,linear_regression_temp_f,linear_minus_raw_gfs_f
2026-09-17 04:00:00+00:00,2026-09-17 00:00:00-04:00,10,1,0,69.35,71.55979493250497,2.209794932504977
2026-09-17 05:00:00+00:00,2026-09-17 01:00:00-04:00,11,1,1,68.9,71.25030379078828,2.3503037907882742
2026-09-17 06:00:00+00:00,2026-09-17 02:00:00-04:00,12,1,2,67.325,70.16708479477984,2.8420847947798364
2026-09-17 07:00:00+00:00,2026-09-17 03:00:00-04:00,13,1,3,66.65,69.70284808220478,3.0528480822047754
2026-09-17 08:00:00+00:00,2026-09-17 04:00:00-04:00,14,1,4,65.75,69.08386579877138,3.3338657987713844
2026-09-17 09:00:00+00:00,2026-09-17 05:00:00-04:00,15,1,5,65.075,68.61962908619634,3.5446290861963377
2026-09-17 10:00:00+00:00,2026-09-17 06:00:00-04:00,16,1,6,64.4,68.1553923736213,3.755392373621291
2026-09-17 11:00:00+00:00,2026-09-17 07:00:00-04:00,17,1,7,64.175,68.00064680276293,3.8256468027629325
2026-09-17 12:00:00+00:00,2026-09-17 08:00:00-04:00,18,1,8,67.55,70.32183036563818,2.7718303656381806
2026-09-17 13:00:00+00:00,2026-09-17 09:00:00-04:00,19,1,9,72.725,73.88097849538022,1.155978495380225
2026-09-17 14:00:00+00:00,2026-09-17 10:00:00-04:00,20,1,10,77.9,77.44012662512228,-0.4598733748777306
2026-09-17 15:00:00+00:00,2026-09-17 11:00:00-04:00,21,1,11,82.175,80.3802924714309,-1.7947075285690914
2026-09-17 16:00:00+00:00,2026-09-17 12:00:00-04:00,22,1,12,86.0,83.01096717602286,-2.9890328239771407
2026-09-17 17:00:00+00:00,2026-09-17 13:00:00-04:00,23,1,13,89.15,85.17740516803975,-3.972594831960251
2026-09-17 18:00:00+00:00,2026-09-17 14:00:00-04:00,24,1,14,90.95,86.41536973490655,-4.534630265093455
2026-09-17 19:00:00+00:00,2026-09-17 15:00:00-04:00,25,1,15,92.3,87.34384316005664,-4.956156839943361
2026-09-17 20:00:00+00:00,2026-09-17 16:00:00-04:00,26,1,16,92.75,87.65333430177334,-5.0966656982266585
2026-09-17 21:00:00+00:00,2026-09-17 17:00:00-04:00,27,1,17,91.85,87.03435201833994,-4.8156479816600495
2026-09-17 22:00:00+00:00,2026-09-17 18:00:00-04:00,28,1,18,89.6,85.48689630975645,-4.113103690243548
2026-09-17 23:00:00+00:00,2026-09-17 19:00:00-04:00,29,1,19,83.075,80.99927475486432,-2.0757252451356862
2026-09-18 00:00:00+00:00,2026-09-17 20:00:00-04:00,30,1,20,82.4,80.53503804228926,-1.8649619577107472
2026-09-18 01:00:00+00:00,2026-09-17 21:00:00-04:00,31,1,21,81.275,79.76131018799751,-1.5136898120024966
2026-09-18 02:00:00+00:00,2026-09-17 22:00:00-04:00,32,1,22,80.375,79.14232790456411,-1.2326720954358876
2026-09-18 03:00:00+00:00,2026-09-17 23:00:00-04:00,33,1,23,78.35,77.74961776683897,-0.600382233161028
2026-09-18 04:00:00+00:00,2026-09-18 00:00:00-04:00,34,2,0,76.775,76.66639877083053,-0.10860122916948
2026-09-18 05:00:00+00:00,2026-09-18 01:00:00-04:00,35,2,1,73.85,74.65470634967197,0.8047063496719744
2026-09-18 06:00:00+00:00,2026-09-18 02:00:00-04:00,36,2,2,73.4,74.34521520795528,0.9452152079552718
2026-09-18 07:00:00+00:00,2026-09-18 03:00:00-04:00,37,2,3,75.2,75.58317977482207,0.383179774822068
2026-09-18 08:00:00+00:00,2026-09-18 04:00:00-04:00,38,2,4,75.2,75.58317977482207,0.383179774822068
2026-09-18 09:00:00+00:00,2026-09-18 05:00:00-04:00,39,2,5,72.725,73.88097849538022,1.155978495380225
2026-09-18 10:00:00+00:00,2026-09-18 06:00:00-04:00,40,2,6,70.25,72.17877721593838,1.928777215938382
2026-09-18 11:00:00+00:00,2026-09-18 07:00:00-04:00,41,2,7,70.025,72.02403164508003,1.9990316450800236
2026-09-18 12:00:00+00:00,2026-09-18 08:00:00-04:00,42,2,8,72.05,73.41674178280518,1.3667417828051782
2026-09-18 13:00:00+00:00,2026-09-18 09:00:00-04:00,43,2,9,76.325,76.35690762911382,0.03190762911381739
2026-09-18 14:00:00+00:00,2026-09-18 10:00:00-04:00,44,2,10,81.5,79.91605575885586,-1.5839442411441382
2026-09-18 15:00:00+00:00,2026-09-18 11:00:00-04:00,45,2,11,87.575,84.0941861720313,-3.480813827968703
2026-09-18 16:00:00+00:00,2026-09-18 12:00:00-04:00,46,2,12,90.95,86.41536973490655,-4.534630265093455
2026-09-18 17:00:00+00:00,2026-09-18 13:00:00-04:00,47,2,13,93.2,87.96282544349005,-5.237174556509956
2026-09-18 18:00:00+00:00,2026-09-18 14:00:00-04:00,48,2,14,94.55,88.89129886864013,-5.658701131359862
2026-09-18 19:00:00+00:00,2026-09-18 15:00:00-04:00,49,2,15,95.45,89.51028115207355,-5.939718847926457
2026-09-18 20:00:00+00:00,2026-09-18 16:00:00-04:00,50,2,16,95.0,89.20079001035684,-5.79920998964316
2026-09-18 21:00:00+00:00,2026-09-18 17:00:00-04:00,51,2,17,91.4,86.72486087662325,-4.675139123376752
2026-09-18 22:00:00+00:00,2026-09-18 18:00:00-04:00,52,2,18,86.0,83.01096717602286,-2.9890328239771407
2026-09-18 23:00:00+00:00,2026-09-18 19:00:00-04:00,53,2,19,81.95,80.22554690057257,-1.7244530994274356
2026-09-19 00:00:00+00:00,2026-09-18 20:00:00-04:00,54,2,20,81.725,80.0708013297142,-1.654198670285794
2026-09-19 01:00:00+00:00,2026-09-18 21:00:00-04:00,55,2,21,81.95,80.22554690057257,-1.7244530994274356
2026-09-19 02:00:00+00:00,2026-09-18 22:00:00-04:00,56,2,22,75.425,75.73792534568042,0.3129253456804264
2026-09-19 03:00:00+00:00,2026-09-18 23:00:00-04:00,57,2,23,74.975,75.42843420396372,0.4534342039637238
2026-09-19 04:00:00+00:00,2026-09-19 00:00:00-04:00,58,3,0,74.075,74.80945192053032,0.7344519205303186
2026-09-19 05:00:00+00:00,2026-09-19 01:00:00-04:00,59,3,1,72.95,74.03572406623857,1.0857240662385692
2026-09-19 06:00:00+00:00,2026-09-19 02:00:00-04:00,60,3,2,72.5,73.72623292452188,1.2262329245218808
2026-09-19 07:00:00+00:00,2026-09-19 03:00:00-04:00,61,3,3,72.275,73.57148735366353,1.2964873536635224
2026-09-19 08:00:00+00:00,2026-09-19 04:00:00-04:00,62,3,4,72.05,73.41674178280518,1.3667417828051782
2026-09-19 09:00:00+00:00,2026-09-19 05:00:00-04:00,63,3,5,71.6,73.10725064108847,1.5072506410884756
2026-09-19 10:00:00+00:00,2026-09-19 06:00:00-04:00,64,3,6,70.475,72.33352278679672,1.8585227867967262
2026-09-19 11:00:00+00:00,2026-09-19 07:00:00-04:00,65,3,7,70.25,72.17877721593838,1.928777215938382
2026-09-19 12:00:00+00:00,2026-09-19 08:00:00-04:00,66,3,8,71.375,72.95250507023013,1.5775050702301314
2026-09-19 13:00:00+00:00,2026-09-19 09:00:00-04:00,67,3,9,73.625,74.49996077881362,0.874960778813616
2026-09-19 14:00:00+00:00,2026-09-19 10:00:00-04:00,68,3,10,74.975,75.42843420396372,0.4534342039637238
2026-09-19 15:00:00+00:00,2026-09-19 11:00:00-04:00,69,3,11,75.875,76.04741648739711,0.1724164873971148
2026-09-19 16:00:00+00:00,2026-09-19 12:00:00-04:00,70,3,12,77.675,77.28538105426391,-0.389618945736089
2026-09-19 17:00:00+00:00,2026-09-19 13:00:00-04:00,71,3,13,78.35,77.74961776683897,-0.600382233161028
2026-09-19 18:00:00+00:00,2026-09-19 14:00:00-04:00,72,3,14,78.575,77.90436333769732,-0.6706366623026838
2026-09-19 19:00:00+00:00,2026-09-19 15:00:00-04:00,73,3,15,76.775,76.66639877083053,-0.10860122916948
2026-09-19 20:00:00+00:00,2026-09-19 16:00:00-04:00,74,3,16,74.975,75.42843420396372,0.4534342039637238
2026-09-19 21:00:00+00:00,2026-09-19 17:00:00-04:00,75,3,17,75.65,75.89267091653878,0.2426709165387706
2026-09-19 22:00:00+00:00,2026-09-19 18:00:00-04:00,76,3,18,77.45,77.13063548340557,-0.3193645165944332
2026-09-19 23:00:00+00:00,2026-09-19 19:00:00-04:00,77,3,19,75.65,75.89267091653878,0.2426709165387706
2026-09-20 00:00:00+00:00,2026-09-19 20:00:00-04:00,78,3,20,72.725,73.88097849538022,1.155978495380225
2026-09-20 01:00:00+00:00,2026-09-19 21:00:00-04:00,79,3,21,73.175,74.19046963709692,1.0154696370969276
2026-09-20 02:00:00+00:00,2026-09-19 22:00:00-04:00,80,3,22,73.4,74.34521520795528,0.9452152079552718
2026-09-20 03:00:00+00:00,2026-09-19 23:00:00-04:00,81,3,23,73.625,74.49996077881362,0.874960778813616
2026-09-20 04:00:00+00:00,2026-09-20 00:00:00-04:00,82,4,0,73.625,74.49996077881362,0.874960778813616
2026-09-20 05:00:00+00:00,2026-09-20 01:00:00-04:00,83,4,1,72.95,74.03572406623857,1.0857240662385692
2026-09-20 06:00:00+00:00,2026-09-20 02:00:00-04:00,84,4,2,70.925,72.64301392851343,1.7180139285134288
2026-09-20 07:00:00+00:00,2026-09-20 03:00:00-04:00,85,4,3,70.475,72.33352278679672,1.8585227867967262
2026-09-20 08:00:00+00:00,2026-09-20 04:00:00-04:00,86,4,4,71.6,73.10725064108847,1.5072506410884756
2026-09-20 09:00:00+00:00,2026-09-20 05:00:00-04:00,87,4,5,70.7,72.48826835765507,1.7882683576550704
2026-09-20 10:00:00+00:00,2026-09-20 06:00:00-04:00,88,4,6,70.7,72.48826835765507,1.7882683576550704
2026-09-20 11:00:00+00:00,2026-09-20 07:00:00-04:00,89,4,7,71.375,72.95250507023013,1.5775050702301314
2026-09-20 12:00:00+00:00,2026-09-20 08:00:00-04:00,90,4,8,71.825,73.26199621194682,1.4369962119468198
2026-09-20 13:00:00+00:00,2026-09-20 09:00:00-04:00,91,4,9,73.4,74.34521520795528,0.9452152079552718
2026-09-20 14:00:00+00:00,2026-09-20 10:00:00-04:00,92,4,10,74.75,75.27368863310537,0.5236886331053654
2026-09-20 15:00:00+00:00,2026-09-20 11:00:00-04:00,93,4,11,77.225,76.97588991254722,-0.2491100874527774
2026-09-20 16:00:00+00:00,2026-09-20 12:00:00-04:00,94,4,12,83.075,80.99927475486432,-2.0757252451356862
2026-09-20 17:00:00+00:00,2026-09-20 13:00:00-04:00,95,4,13,86.45,83.32045831773955,-3.1295416822604523
2026-09-20 18:00:00+00:00,2026-09-20 14:00:00-04:00,96,4,14,88.925,85.0226595971814,-3.902340402818595
2026-09-20 19:00:00+00:00,2026-09-20 15:00:00-04:00,97,4,15,90.05,85.79638745147315,-4.253612548526846
2026-09-20 20:00:00+00:00,2026-09-20 16:00:00-04:00,98,4,16,86.9,83.62994945945626,-3.2700505405437497
2026-09-20 21:00:00+00:00,2026-09-20 17:00:00-04:00,99,4,17,82.4,80.53503804228926,-1.8649619577107472
2026-09-20 22:00:00+00:00,2026-09-20 18:00:00-04:00,100,4,18,81.05,79.60656461713916,-1.4434353828608408
2026-09-20 23:00:00+00:00,2026-09-20 19:00:00-04:00,101,4,19,79.925,78.8328367628474,-1.0921632371525902
2026-09-21 00:00:00+00:00,2026-09-20 20:00:00-04:00,102,4,20,78.125,77.59487219598061,-0.5301278040193864
2026-09-21 01:00:00+00:00,2026-09-20 21:00:00-04:00,103,4,21,73.175,74.19046963709692,1.0154696370969276
2026-09-21 02:00:00+00:00,2026-09-20 22:00:00-04:00,104,4,22,70.7,72.48826835765507,1.7882683576550704
2026-09-21 03:00:00+00:00,2026-09-20 23:00:00-04:00,105,4,23,70.025,72.02403164508003,1.9990316450800236
2026-09-21 04:00:00+00:00,2026-09-21 00:00:00-04:00,106,5,0,70.25,72.17877721593838,1.928777215938382
2026-09-21 05:00:00+00:00,2026-09-21 01:00:00-04:00,107,5,1,70.7,72.48826835765507,1.7882683576550704
2026-09-21 06:00:00+00:00,2026-09-21 02:00:00-04:00,108,5,2,70.475,72.33352278679672,1.8585227867967262
2026-09-21 07:00:00+00:00,2026-09-21 03:00:00-04:00,109,5,3,69.575,71.71454050336334,2.1395405033633352
2026-09-21 08:00:00+00:00,2026-09-21 04:00:00-04:00,110,5,4,69.35,71.55979493250497,2.209794932504977
2026-09-21 09:00:00+00:00,2026-09-21 05:00:00-04:00,111,5,5,69.35,71.55979493250497,2.209794932504977
2026-09-21 10:00:00+00:00,2026-09-21 06:00:00-04:00,112,5,6,69.575,71.71454050336334,2.1395405033633352
2026-09-21 11:00:00+00:00,2026-09-21 07:00:00-04:00,113,5,7,69.575,71.71454050336334,2.1395405033633352
2026-09-21 12:00:00+00:00,2026-09-21 08:00:00-04:00,114,5,8,71.6,73.10725064108847,1.5072506410884756
2026-09-21 13:00:00+00:00,2026-09-21 09:00:00-04:00,115,5,9,75.2,75.58317977482207,0.383179774822068
2026-09-21 14:00:00+00:00,2026-09-21 10:00:00-04:00,116,5,10,75.65,75.89267091653878,0.2426709165387706
2026-09-21 15:00:00+00:00,2026-09-21 11:00:00-04:00,117,5,11,74.3,74.96419749138867,0.664197491388677
2026-09-21 16:00:00+00:00,2026-09-21 12:00:00-04:00,118,5,12,73.625,74.49996077881362,0.874960778813616
2026-09-21 17:00:00+00:00,2026-09-21 13:00:00-04:00,119,5,13,74.975,75.42843420396372,0.4534342039637238
2026-09-21 18:00:00+00:00,2026-09-21 14:00:00-04:00,120,5,14,77.9,77.44012662512228,-0.4598733748777306
2026-09-21 19:00:00+00:00,2026-09-21 15:00:00-04:00,121,5,15,76.175,76.25374391520825,0.07874391520824986
2026-09-21 20:00:00+00:00,2026-09-21 16:00:00-04:00,122,5,16,74.45,75.06736120529423,0.6173612052942303
2026-09-21 21:00:00+00:00,2026-09-21 17:00:00-04:00,123,5,17,72.725,73.88097849538022,1.155978495380225
2026-09-21 22:00:00+00:00,2026-09-21 18:00:00-04:00,124,5,18,69.95,71.97244978812725,2.022449788127247
2026-09-21 23:00:00+00:00,2026-09-21 19:00:00-04:00,125,5,19,67.175,70.06392108087427,2.888921080874269
2026-09-22 00:00:00+00:00,2026-09-21 20:00:00-04:00,126,5,20,64.4,68.1553923736213,3.755392373621291
2026-09-22 01:00:00+00:00,2026-09-21 21:00:00-04:00,127,5,21,64.475,68.20697423057406,3.7319742305740675
2026-09-22 02:00:00+00:00,2026-09-21 22:00:00-04:00,128,5,22,64.55,68.25855608752686,3.7085560875268584
2026-09-22 03:00:00+00:00,2026-09-21 23:00:00-04:00,129,5,23,64.625,68.31013794447964,3.685137944479635
2026-09-22 04:00:00+00:00,2026-09-22 00:00:00-04:00,130,6,0,64.175,68.00064680276293,3.8256468027629325
2026-09-22 05:00:00+00:00,2026-09-22 01:00:00-04:00,131,6,1,63.725,67.69115566104624,3.966155661046237
2026-09-22 06:00:00+00:00,2026-09-22 02:00:00-04:00,132,6,2,63.275,67.38166451932953,4.106664519329534
2026-09-22 07:00:00+00:00,2026-09-22 03:00:00-04:00,133,6,3,63.2,67.33008266237675,4.130082662376751
2026-09-22 08:00:00+00:00,2026-09-22 04:00:00-04:00,134,6,4,63.125,67.27850080542397,4.153500805423974
2026-09-22 09:00:00+00:00,2026-09-22 05:00:00-04:00,135,6,5,63.05,67.2269189484712,4.176918948471197
2026-09-22 10:00:00+00:00,2026-09-22 06:00:00-04:00,136,6,6,62.825,67.07217337761284,4.247173377612839
2026-09-22 11:00:00+00:00,2026-09-22 07:00:00-04:00,137,6,7,62.6,66.91742780675449,4.317427806754488
2026-09-22 12:00:00+00:00,2026-09-22 08:00:00-04:00,138,6,8,62.375,66.76268223589614,4.387682235896136
2026-09-22 13:00:00+00:00,2026-09-22 09:00:00-04:00,139,6,9,63.275,67.38166451932953,4.106664519329534
2026-09-22 14:00:00+00:00,2026-09-22 10:00:00-04:00,140,6,10,64.175,68.00064680276293,3.8256468027629325
2026-09-22 15:00:00+00:00,2026-09-22 11:00:00-04:00,141,6,11,65.075,68.61962908619634,3.5446290861963377
2026-09-22 16:00:00+00:00,2026-09-22 12:00:00-04:00,142,6,12,66.875,69.85759365306313,2.982593653063134
2026-09-22 17:00:00+00:00,2026-09-22 13:00:00-04:00,143,6,13,68.675,71.09555821992993,2.42055821992993
2026-09-22 18:00:00+00:00,2026-09-22 14:00:00-04:00,144,6,14,70.475,72.33352278679672,1.8585227867967262
2026-09-22 19:00:00+00:00,2026-09-22 15:00:00-04:00,145,6,15,71.0,72.6945957854662,1.6945957854662055
2026-09-22 20:00:00+00:00,2026-09-22 16:00:00-04:00,146,6,16,71.525,73.05566878413569,1.5306687841356847
2026-09-22 21:00:00+00:00,2026-09-22 17:00:00-04:00,147,6,17,72.05,73.41674178280518,1.3667417828051782
2026-09-22 22:00:00+00:00,2026-09-22 18:00:00-04:00,148,6,18,71.15,72.79775949937178,1.647759499371773
2026-09-22 23:00:00+00:00,2026-09-22 19:00:00-04:00,149,6,19,70.25,72.17877721593838,1.928777215938382
2026-09-23 00:00:00+00:00,2026-09-22 20:00:00-04:00,150,6,20,69.35,71.55979493250497,2.209794932504977
2026-09-23 01:00:00+00:00,2026-09-22 21:00:00-04:00,151,6,21,68.75,71.14714007688272,2.397140076882721
2026-09-23 02:00:00+00:00,2026-09-22 22:00:00-04:00,152,6,22,68.15,70.73448522126046,2.5844852212604508
2026-09-23 03:00:00+00:00,2026-09-22 23:00:00-04:00,153,6,23,67.55,70.32183036563818,2.7718303656381806
2026-09-23 04:00:00+00:00,2026-09-23 00:00:00-04:00,154,7,0,66.65,69.70284808220478,3.0528480822047754
2026-09-23 05:00:00+00:00,2026-09-23 01:00:00-04:00,155,7,1,65.75,69.08386579877138,3.3338657987713844
2026-09-23 06:00:00+00:00,2026-09-23 02:00:00-04:00,156,7,2,64.85,68.46488351533799,3.6148835153379935
2026-09-23 07:00:00+00:00,2026-09-23 03:00:00-04:00,157,7,3,64.475,68.20697423057406,3.7319742305740675
2026-09-23 08:00:00+00:00,2026-09-23 04:00:00-04:00,158,7,4,64.1,67.94906494581015,3.849064945810156
2026-09-23 09:00:00+00:00,2026-09-23 05:00:00-04:00,159,7,5,63.725,67.69115566104624,3.966155661046237
2026-09-23 10:00:00+00:00,2026-09-23 06:00:00-04:00,160,7,6,64.025,67.89748308885737,3.872483088857365
2026-09-23 11:00:00+00:00,2026-09-23 07:00:00-04:00,161,7,7,64.325,68.1038105166685,3.7788105166685
2026-09-23 12:00:00+00:00,2026-09-23 08:00:00-04:00,162,7,8,64.625,68.31013794447964,3.685137944479635
2026-09-23 13:00:00+00:00,2026-09-23 09:00:00-04:00,163,7,9,66.35,69.49652065439365,3.1465206543936546
2026-09-23 14:00:00+00:00,2026-09-23 10:00:00-04:00,164,7,10,68.075,70.68290336430766,2.60790336430766
2026-09-23 15:00:00+00:00,2026-09-23 11:00:00-04:00,165,7,11,69.8,71.86928607422168,2.0692860742216794
2026-09-23 16:00:00+00:00,2026-09-23 12:00:00-04:00,166,7,12,70.1,72.07561350203281,1.9756135020328145
2026-09-23 17:00:00+00:00,2026-09-23 13:00:00-04:00,167,7,13,70.4,72.28194092984396,1.8819409298439496
2026-09-23 18:00:00+00:00,2026-09-23 14:00:00-04:00,168,7,14,70.7,72.48826835765507,1.7882683576550704
2026-09-23 19:00:00+00:00,2026-09-23 15:00:00-04:00,169,7,15,72.05,73.41674178280518,1.3667417828051782
2026-09-23 20:00:00+00:00,2026-09-23 16:00:00-04:00,170,7,16,73.4,74.34521520795528,0.9452152079552718
2026-09-23 21:00:00+00:00,2026-09-23 17:00:00-04:00,171,7,17,74.75,75.27368863310537,0.5236886331053654
2026-09-23 22:00:00+00:00,2026-09-23 18:00:00-04:00,172,7,18,72.725,73.88097849538022,1.155978495380225
2026-09-23 23:00:00+00:00,2026-09-23 19:00:00-04:00,173,7,19,70.7,72.48826835765507,1.7882683576550704
2026-09-24 00:00:00+00:00,2026-09-23 20:00:00-04:00,174,7,20,68.675,71.09555821992993,2.42055821992993
2026-09-24 01:00:00+00:00,2026-09-23 21:00:00-04:00,175,7,21,68.225,70.78606707821322,2.5610670782132274
2026-09-24 02:00:00+00:00,2026-09-23 22:00:00-04:00,176,7,22,67.775,70.47657593649653,2.701575936496525
2026-09-24 03:00:00+00:00,2026-09-23 23:00:00-04:00,177,7,23,67.325,70.16708479477984,2.8420847947798364
2026-09-24 04:00:00+00:00,2026-09-24 00:00:00-04:00,178,8,0,67.475,70.2702485086854,2.795248508685404
2026-09-24 05:00:00+00:00,2026-09-24 01:00:00-04:00,179,8,1,67.625,70.37341222259097,2.7484122225909715
2026-09-24 06:00:00+00:00,2026-09-24 02:00:00-04:00,180,8,2,67.775,70.47657593649653,2.701575936496525
2026-09-24 07:00:00+00:00,2026-09-24 03:00:00-04:00,181,8,3,66.95,69.90917551001591,2.9591755100159105
2026-09-24 08:00:00+00:00,2026-09-24 04:00:00-04:00,182,8,4,66.125,69.3417750835353,3.216775083535296
2026-09-24 09:00:00+00:00,2026-09-24 05:00:00-04:00,183,8,5,65.3,68.77437465705468,3.474374657054682
2026-09-24 10:00:00+00:00,2026-09-24 06:00:00-04:00,184,8,6,65.3,68.77437465705468,3.474374657054682
2026-09-24 11:00:00+00:00,2026-09-24 07:00:00-04:00,185,8,7,65.3,68.77437465705468,3.474374657054682
2026-09-24 12:00:00+00:00,2026-09-24 08:00:00-04:00,186,8,8,65.3,68.77437465705468,3.474374657054682
2026-09-24 13:00:00+00:00,2026-09-24 09:00:00-04:00,187,8,9,69.125,71.40504936164663,2.2800493616466326
2026-09-24 14:00:00+00:00,2026-09-24 10:00:00-04:00,188,8,10,72.95,74.03572406623857,1.0857240662385692
2026-09-24 15:00:00+00:00,2026-09-24 11:00:00-04:00,189,8,11,76.775,76.66639877083053,-0.10860122916948
2026-09-24 16:00:00+00:00,2026-09-24 12:00:00-04:00,190,8,12,79.25,78.36860005027236,-0.881399949727637
2026-09-24 17:00:00+00:00,2026-09-24 13:00:00-04:00,191,8,13,81.725,80.0708013297142,-1.654198670285794
2026-09-24 18:00:00+00:00,2026-09-24 14:00:00-04:00,192,8,14,84.2,81.77300260915605,-2.426997390843951
2026-09-24 19:00:00+00:00,2026-09-24 15:00:00-04:00,193,8,15,82.55,80.63820175619482,-1.9117982438051797
2026-09-24 20:00:00+00:00,2026-09-24 16:00:00-04:00,194,8,16,80.9,79.5034009032336,-1.3965990967664084
2026-09-24 21:00:00+00:00,2026-09-24 17:00:00-04:00,195,8,17,79.25,78.36860005027236,-0.881399949727637
2026-09-24 22:00:00+00:00,2026-09-24 18:00:00-04:00,196,8,18,77.6,77.23379919731113,-0.3662008026888657
2026-09-24 23:00:00+00:00,2026-09-24 19:00:00-04:00,197,8,19,75.95,76.09899834434991,0.14899834434990566
2026-09-25 00:00:00+00:00,2026-09-24 20:00:00-04:00,198,8,20,74.3,74.96419749138867,0.664197491388677
2026-09-25 01:00:00+00:00,2026-09-24 21:00:00-04:00,199,8,21,71.9,73.31357806889962,1.4135780688996107
2026-09-25 02:00:00+00:00,2026-09-24 22:00:00-04:00,200,8,22,69.5,71.66295864641054,2.1629586464105444
2026-09-25 03:00:00+00:00,2026-09-24 23:00:00-04:00,201,8,23,67.1,70.01233922392147,2.912339223921478
2026-09-25 04:00:00+00:00,2026-09-25 00:00:00-04:00,202,9,0,66.275,69.44493879744087,3.1699387974408637
2026-09-25 05:00:00+00:00,2026-09-25 01:00:00-04:00,203,9,1,65.45,68.87753837096025,3.4275383709602494
2026-09-25 06:00:00+00:00,2026-09-25 02:00:00-04:00,204,9,2,64.625,68.31013794447964,3.685137944479635
2026-09-25 07:00:00+00:00,2026-09-25 03:00:00-04:00,205,9,3,64.025,67.89748308885737,3.872483088857365
2026-09-25 08:00:00+00:00,2026-09-25 04:00:00-04:00,206,9,4,63.425,67.4848282332351,4.059828233235109
2026-09-25 09:00:00+00:00,2026-09-25 05:00:00-04:00,207,9,5,62.825,67.07217337761284,4.247173377612839
2026-09-25 10:00:00+00:00,2026-09-25 06:00:00-04:00,208,9,6,63.2,67.33008266237675,4.130082662376751
2026-09-25 11:00:00+00:00,2026-09-25 07:00:00-04:00,209,9,7,63.575,67.58799194714068,4.0129919471406765
2026-09-25 12:00:00+00:00,2026-09-25 08:00:00-04:00,210,9,8,63.95,67.84590123190459,3.8959012319045883
2026-09-25 13:00:00+00:00,2026-09-25 09:00:00-04:00,211,9,9,68.6,71.04397636297715,2.4439763629771534
2026-09-25 14:00:00+00:00,2026-09-25 10:00:00-04:00,212,9,10,73.25,74.2420514940497,0.9920514940497043
2026-09-25 15:00:00+00:00,2026-09-25 11:00:00-04:00,213,9,11,77.9,77.44012662512228,-0.4598733748777306
2026-09-25 16:00:00+00:00,2026-09-25 12:00:00-04:00,214,9,12,80.15,78.98758233370577,-1.1624176662942318
2026-09-25 17:00:00+00:00,2026-09-25 13:00:00-04:00,215,9,13,82.4,80.53503804228926,-1.8649619577107472
2026-09-25 18:00:00+00:00,2026-09-25 14:00:00-04:00,216,9,14,84.65,82.08249375087276,-2.5675062491272485
2026-09-25 19:00:00+00:00,2026-09-25 15:00:00-04:00,217,9,15,84.8,82.18565746477832,-2.614342535221681
2026-09-25 20:00:00+00:00,2026-09-25 16:00:00-04:00,218,9,16,84.95,82.28882117868389,-2.6611788213161134
2026-09-25 21:00:00+00:00,2026-09-25 17:00:00-04:00,219,9,17,85.1,82.39198489258945,-2.708015107410546
2026-09-25 22:00:00+00:00,2026-09-25 18:00:00-04:00,220,9,18,80.6,79.29707347542245,-1.3029265245775434
2026-09-25 23:00:00+00:00,2026-09-25 19:00:00-04:00,221,9,19,76.1,76.20216205825547,0.1021620582554732
2026-09-26 00:00:00+00:00,2026-09-25 20:00:00-04:00,222,9,20,71.6,73.10725064108847,1.5072506410884756
2026-09-26 01:00:00+00:00,2026-09-25 21:00:00-04:00,223,9,21,70.325,72.23035907289116,1.9053590728911587
2026-09-26 02:00:00+00:00,2026-09-25 22:00:00-04:00,224,9,22,69.05,71.35346750469384,2.3034675046938418
2026-09-26 03:00:00+00:00,2026-09-25 23:00:00-04:00,225,9,23,67.775,70.47657593649653,2.701575936496525
2026-09-26 04:00:00+00:00,2026-09-26 00:00:00-04:00,226,10,0,66.875,69.85759365306313,2.982593653063134
2026-09-26 05:00:00+00:00,2026-09-26 01:00:00-04:00,227,10,1,65.975,69.23861136962972,3.2636113696297286
2026-09-26 06:00:00+00:00,2026-09-26 02:00:00-04:00,228,10,2,65.075,68.61962908619634,3.5446290861963377
2026-09-26 07:00:00+00:00,2026-09-26 03:00:00-04:00,229,10,3,64.025,67.89748308885737,3.872483088857365
2026-09-26 08:00:00+00:00,2026-09-26 04:00:00-04:00,230,10,4,62.975,67.1753370915184,4.200337091518399
2026-09-26 09:00:00+00:00,2026-09-26 05:00:00-04:00,231,10,5,61.925,66.45319109417945,4.528191094179448
2026-09-26 10:00:00+00:00,2026-09-26 06:00:00-04:00,232,10,6,62.375,66.76268223589614,4.387682235896136
2026-09-26 11:00:00+00:00,2026-09-26 07:00:00-04:00,233,10,7,62.825,67.07217337761284,4.247173377612839
2026-09-26 12:00:00+00:00,2026-09-26 08:00:00-04:00,234,10,8,63.275,67.38166451932953,4.106664519329534
2026-09-26 13:00:00+00:00,2026-09-26 09:00:00-04:00,235,10,9,65.45,68.87753837096025,3.4275383709602494
2026-09-26 14:00:00+00:00,2026-09-26 10:00:00-04:00,236,10,10,67.625,70.37341222259097,2.7484122225909715
2026-09-26 15:00:00+00:00,2026-09-26 11:00:00-04:00,237,10,11,69.8,71.86928607422168,2.0692860742216794
2026-09-26 16:00:00+00:00,2026-09-26 12:00:00-04:00,238,10,12,71.225,72.84934135632456,1.624341356324564
2026-09-26 17:00:00+00:00,2026-09-26 13:00:00-04:00,239,10,13,72.65,73.82939663842744,1.1793966384274341
2026-09-26 18:00:00+00:00,2026-09-26 14:00:00-04:00,240,10,14,74.075,74.80945192053032,0.7344519205303186
2026-09-26 19:00:00+00:00,2026-09-26 15:00:00-04:00,241,10,15,72.575,73.77781478147466,1.2028147814746575
2026-09-26 20:00:00+00:00,2026-09-26 16:00:00-04:00,242,10,16,71.075,72.746177642419,1.6711776424189964
2026-09-26 21:00:00+00:00,2026-09-26 17:00:00-04:00,243,10,17,69.575,71.71454050336334,2.1395405033633352
2026-09-26 22:00:00+00:00,2026-09-26 18:00:00-04:00,244,10,18,67.85,70.52815779344931,2.6781577934493157
2026-09-26 23:00:00+00:00,2026-09-26 19:00:00-04:00,245,10,19,66.125,69.3417750835353,3.216775083535296
2026-09-27 00:00:00+00:00,2026-09-26 20:00:00-04:00,246,10,20,64.4,68.1553923736213,3.755392373621291
2026-09-27 01:00:00+00:00,2026-09-26 21:00:00-04:00,247,10,21,63.95,67.84590123190459,3.8959012319045883
2026-09-27 02:00:00+00:00,2026-09-26 22:00:00-04:00,248,10,22,63.5,67.53641009018789,4.036410090187886
2026-09-27 03:00:00+00:00,2026-09-26 23:00:00-04:00,249,10,23,63.05,67.2269189484712,4.176918948471197
2026-09-27 04:00:00+00:00,2026-09-27 00:00:00-04:00,250,11,0,62.1875,66.63372759351418,4.44622759351418
2026-09-27 05:00:00+00:00,2026-09-27 01:00:00-04:00,251,11,1,61.325,66.04053623855718,4.715536238557178
2026-09-27 06:00:00+00:00,2026-09-27 02:00:00-04:00,252,11,2,60.4625,65.44734488360017,4.984844883600168
2026-09-27 07:00:00+00:00,2026-09-27 03:00:00-04:00,253,11,3,59.675,64.90573538559595,5.230735385595949
2026-09-27 08:00:00+00:00,2026-09-27 04:00:00-04:00,254,11,4,58.8875,64.36412588759173,5.476625887591723
2026-09-27 09:00:00+00:00,2026-09-27 05:00:00-04:00,255,11,5,58.1,63.8225163895875,5.722516389587497
2026-09-27 10:00:00+00:00,2026-09-27 06:00:00-04:00,256,11,6,57.2375,63.22932503463049,5.991825034630494
2026-09-27 11:00:00+00:00,2026-09-27 07:00:00-04:00,257,11,7,56.375,62.636133679673485,6.261133679673485
2026-09-27 12:00:00+00:00,2026-09-27 08:00:00-04:00,258,11,8,55.5125,62.04294232471648,6.530442324716475
2026-09-27 13:00:00+00:00,2026-09-27 09:00:00-04:00,259,11,9,58.55,64.1320075313042,5.5820075313042
2026-09-27 14:00:00+00:00,2026-09-27 10:00:00-04:00,260,11,10,61.5875,66.22107273789192,4.633572737891917
2026-09-27 15:00:00+00:00,2026-09-27 11:00:00-04:00,261,11,11,64.625,68.31013794447964,3.685137944479635
2026-09-27 16:00:00+00:00,2026-09-27 12:00:00-04:00,262,11,12,65.825,69.13544765572416,3.310447655724161
2026-09-27 17:00:00+00:00,2026-09-27 13:00:00-04:00,263,11,13,67.025,69.9607573669687,2.9357573669687014
2026-09-27 18:00:00+00:00,2026-09-27 14:00:00-04:00,264,11,14,68.225,70.78606707821322,2.5610670782132274
2026-09-27 19:00:00+00:00,2026-09-27 15:00:00-04:00,265,11,15,68.3,70.83764893516602,2.5376489351660183
2026-09-27 20:00:00+00:00,2026-09-27 16:00:00-04:00,266,11,16,68.375,70.8892307921188,2.514230792118795
2026-09-27 21:00:00+00:00,2026-09-27 17:00:00-04:00,267,11,17,68.45,70.94081264907159,2.490812649071586
2026-09-27 22:00:00+00:00,2026-09-27 18:00:00-04:00,268,11,18,65.6,68.98070208486581,3.380702084865817
2026-09-27 23:00:00+00:00,2026-09-27 19:00:00-04:00,269,11,19,62.75,67.02059152066006,4.270591520660062
2026-09-28 00:00:00+00:00,2026-09-27 20:00:00-04:00,270,11,20,59.9,65.0604809564543,5.1604809564543
2026-09-28 01:00:00+00:00,2026-09-27 21:00:00-04:00,271,11,21,59.15,64.54466238692646,5.394662386926463
2026-09-28 02:00:00+00:00,2026-09-27 22:00:00-04:00,272,11,22,58.4,64.02884381739862,5.628843817398625
2026-09-28 03:00:00+00:00,2026-09-27 23:00:00-04:00,273,11,23,57.65,63.5130252478708,5.863025247870802
2026-09-28 04:00:00+00:00,2026-09-28 00:00:00-04:00,274,12,0,56.975,63.04878853529575,6.073788535295748
2026-09-28 05:00:00+00:00,2026-09-28 01:00:00-04:00,275,12,1,56.3,62.5845518227207,6.284551822720701
2026-09-28 06:00:00+00:00,2026-09-28 02:00:00-04:00,276,12,2,55.625,62.120315110145654,6.495315110145654
2026-09-28 07:00:00+00:00,2026-09-28 03:00:00-04:00,277,12,3,56.0,62.378224394909566,6.378224394909566
2026-09-28 08:00:00+00:00,2026-09-28 04:00:00-04:00,278,12,4,56.375,62.636133679673485,6.261133679673485
2026-09-28 09:00:00+00:00,2026-09-28 05:00:00-04:00,279,12,5,56.75,62.894042964437396,6.144042964437396
2026-09-28 10:00:00+00:00,2026-09-28 06:00:00-04:00,280,12,6,57.1625,63.17774317767771,6.015243177677711
2026-09-28 11:00:00+00:00,2026-09-28 07:00:00-04:00,281,12,7,57.575,63.46144339091802,5.886443390918018
2026-09-28 12:00:00+00:00,2026-09-28 08:00:00-04:00,282,12,8,57.9875,63.74514360415832,5.757643604158325
2026-09-28 13:00:00+00:00,2026-09-28 09:00:00-04:00,283,12,9,60.5,65.47313581207656,4.973135812076563
2026-09-28 14:00:00+00:00,2026-09-28 10:00:00-04:00,284,12,10,63.0125,67.2011280199948,4.188628019994795
2026-09-28 15:00:00+00:00,2026-09-28 11:00:00-04:00,285,12,11,65.525,68.92912022791305,3.4041202279130403
2026-09-28 16:00:00+00:00,2026-09-28 12:00:00-04:00,286,12,12,67.1,70.01233922392147,2.912339223921478
2026-09-28 17:00:00+00:00,2026-09-28 13:00:00-04:00,287,12,13,68.675,71.09555821992993,2.42055821992993
2026-09-28 18:00:00+00:00,2026-09-28 14:00:00-04:00,288,12,14,70.25,72.17877721593838,1.928777215938382
2026-09-28 19:00:00+00:00,2026-09-28 15:00:00-04:00,289,12,15,69.575,71.71454050336334,2.1395405033633352
2026-09-28 20:00:00+00:00,2026-09-28 16:00:00-04:00,290,12,16,68.9,71.25030379078828,2.3503037907882742
2026-09-28 21:00:00+00:00,2026-09-28 17:00:00-04:00,291,12,17,68.225,70.78606707821322,2.5610670782132274
2026-09-28 22:00:00+00:00,2026-09-28 18:00:00-04:00,292,12,18,67.175,70.06392108087427,2.888921080874269
2026-09-28 23:00:00+00:00,2026-09-28 19:00:00-04:00,293,12,19,66.125,69.3417750835353,3.216775083535296
2026-09-29 00:00:00+00:00,2026-09-28 20:00:00-04:00,294,12,20,65.075,68.61962908619634,3.5446290861963377
2026-09-29 01:00:00+00:00,2026-09-28 21:00:00-04:00,295,12,21,64.775,68.41330165838521,3.6383016583852026
2026-09-29 02:00:00+00:00,2026-09-28 22:00:00-04:00,296,12,22,64.475,68.20697423057406,3.7319742305740675
2026-09-29 03:00:00+00:00,2026-09-28 23:00:00-04:00,297,12,23,64.175,68.00064680276293,3.8256468027629325
2026-09-29 04:00:00+00:00,2026-09-29 00:00:00-04:00,298,13,0,63.875,67.79431937495181,3.9193193749518116
2026-09-29 05:00:00+00:00,2026-09-29 01:00:00-04:00,299,13,1,63.575,67.58799194714068,4.0129919471406765
2026-09-29 06:00:00+00:00,2026-09-29 02:00:00-04:00,300,13,2,63.275,67.38166451932953,4.106664519329534
2026-09-29 07:00:00+00:00,2026-09-29 03:00:00-04:00,301,13,3,63.425,67.4848282332351,4.059828233235109
2026-09-29 08:00:00+00:00,2026-09-29 04:00:00-04:00,302,13,4,63.575,67.58799194714068,4.0129919471406765
2026-09-29 09:00:00+00:00,2026-09-29 05:00:00-04:00,303,13,5,63.725,67.69115566104624,3.966155661046237
2026-09-29 10:00:00+00:00,2026-09-29 06:00:00-04:00,304,13,6,63.8,67.74273751799902,3.9427375179990207
2026-09-29 11:00:00+00:00,2026-09-29 07:00:00-04:00,305,13,7,63.875,67.79431937495181,3.9193193749518116
2026-09-29 12:00:00+00:00,2026-09-29 08:00:00-04:00,306,13,8,63.95,67.84590123190459,3.8959012319045883
2026-09-29 13:00:00+00:00,2026-09-29 09:00:00-04:00,307,13,9,64.85,68.46488351533799,3.6148835153379935
2026-09-29 14:00:00+00:00,2026-09-29 10:00:00-04:00,308,13,10,65.75,69.08386579877138,3.3338657987713844
2026-09-29 15:00:00+00:00,2026-09-29 11:00:00-04:00,309,13,11,66.65,69.70284808220478,3.0528480822047754
2026-09-29 16:00:00+00:00,2026-09-29 12:00:00-04:00,310,13,12,68.0,70.63132150735488,2.6313215073548832
2026-09-29 17:00:00+00:00,2026-09-29 13:00:00-04:00,311,13,13,69.35,71.55979493250497,2.209794932504977
2026-09-29 18:00:00+00:00,2026-09-29 14:00:00-04:00,312,13,14,70.7,72.48826835765507,1.7882683576550704
2026-09-29 19:00:00+00:00,2026-09-29 15:00:00-04:00,313,13,15,71.975,73.36515992585238,1.3901599258523873
2026-09-29 20:00:00+00:00,2026-09-29 16:00:00-04:00,314,13,16,73.25,74.2420514940497,0.9920514940497043
2026-09-29 21:00:00+00:00,2026-09-29 17:00:00-04:00,315,13,17,74.525,75.11894306224703,0.5939430622470212
2026-09-29 22:00:00+00:00,2026-09-29 18:00:00-04:00,316,13,18,73.625,74.49996077881362,0.874960778813616
2026-09-29 23:00:00+00:00,2026-09-29 19:00:00-04:00,317,13,19,72.725,73.88097849538022,1.155978495380225
2026-09-30 00:00:00+00:00,2026-09-29 20:00:00-04:00,318,13,20,71.825,73.26199621194682,1.4369962119468198
2026-09-30 01:00:00+00:00,2026-09-29 21:00:00-04:00,319,13,21,71.675,73.15883249804126,1.4838324980412665
2026-09-30 02:00:00+00:00,2026-09-29 22:00:00-04:00,320,13,22,71.525,73.05566878413569,1.5306687841356847
2026-09-30 03:00:00+00:00,2026-09-29 23:00:00-04:00,321,13,23,71.375,72.95250507023013,1.5775050702301314
2026-09-30 04:00:00+00:00,2026-09-30 00:00:00-04:00,322,14,0,70.625,72.4366865007023,1.8116865007022938
2026-09-30 05:00:00+00:00,2026-09-30 01:00:00-04:00,323,14,1,69.875,71.92086793117446,2.045867931174456
2026-09-30 06:00:00+00:00,2026-09-30 02:00:00-04:00,324,14,2,69.125,71.40504936164663,2.2800493616466326
2026-09-30 07:00:00+00:00,2026-09-30 03:00:00-04:00,325,14,3,69.35,71.55979493250497,2.209794932504977
2026-09-30 08:00:00+00:00,2026-09-30 04:00:00-04:00,326,14,4,69.575,71.71454050336334,2.1395405033633352
2026-09-30 09:00:00+00:00,2026-09-30 05:00:00-04:00,327,14,5,69.8,71.86928607422168,2.0692860742216794
2026-09-30 10:00:00+00:00,2026-09-30 06:00:00-04:00,328,14,6,70.025,72.02403164508003,1.9990316450800236
2026-09-30 11:00:00+00:00,2026-09-30 07:00:00-04:00,329,14,7,70.25,72.17877721593838,1.928777215938382
2026-09-30 12:00:00+00:00,2026-09-30 08:00:00-04:00,330,14,8,70.475,72.33352278679672,1.8585227867967262
2026-09-30 13:00:00+00:00,2026-09-30 09:00:00-04:00,331,14,9,72.5,73.72623292452188,1.2262329245218808
2026-09-30 14:00:00+00:00,2026-09-30 10:00:00-04:00,332,14,10,74.525,75.11894306224703,0.5939430622470212
2026-09-30 15:00:00+00:00,2026-09-30 11:00:00-04:00,333,14,11,76.55,76.51165319997217,-0.0383468000278242
2026-09-30 16:00:00+00:00,2026-09-30 12:00:00-04:00,334,14,12,76.1,76.20216205825547,0.1021620582554732
2026-09-30 17:00:00+00:00,2026-09-30 13:00:00-04:00,335,14,13,75.65,75.89267091653878,0.2426709165387706
2026-09-30 18:00:00+00:00,2026-09-30 14:00:00-04:00,336,14,14,75.2,75.58317977482207,0.383179774822068
2026-09-30 19:00:00+00:00,2026-09-30 15:00:00-04:00,337,14,15,73.775,74.60312449271919,0.8281244927191835
2026-09-30 20:00:00+00:00,2026-09-30 16:00:00-04:00,338,14,16,72.35,73.62306921061631,1.2730692106163133
2026-09-30 21:00:00+00:00,2026-09-30 17:00:00-04:00,339,14,17,70.925,72.64301392851343,1.7180139285134288
2026-09-30 22:00:00+00:00,2026-09-30 18:00:00-04:00,340,14,18,70.475,72.33352278679672,1.8585227867967262
2026-09-30 23:00:00+00:00,2026-09-30 19:00:00-04:00,341,14,19,70.025,72.02403164508003,1.9990316450800236
2026-10-01 00:00:00+00:00,2026-09-30 20:00:00-04:00,342,14,20,69.575,71.71454050336334,2.1395405033633352
2026-10-01 01:00:00+00:00,2026-09-30 21:00:00-04:00,343,14,21,68.975,71.30188564774106,2.326885647741065
2026-10-01 02:00:00+00:00,2026-09-30 22:00:00-04:00,344,14,22,68.375,70.8892307921188,2.514230792118795
2026-10-01 03:00:00+00:00,2026-09-30 23:00:00-04:00,345,14,23,67.775,70.47657593649653,2.701575936496525
