valid_time_utc,valid_time_local,forecast_hour,target_day,local_hour,raw_gfs_temp_f,linear_regression_temp_f,xgboost_temp_f,xgboost_minus_raw_gfs_f,xgboost_minus_linear_f
2026-09-17 04:00:00+00:00,2026-09-17 00:00:00-04:00,10,1,0,69.35,71.55979493250497,69.17477560639381,-0.1752243936061859,-2.3850193261111627
2026-09-17 05:00:00+00:00,2026-09-17 01:00:00-04:00,11,1,1,68.9,71.25030379078828,68.93901531547309,0.03901531547307968,-2.3112884753151945
2026-09-17 06:00:00+00:00,2026-09-17 02:00:00-04:00,12,1,2,67.325,70.16708479477984,67.71063773036003,0.38563773036003113,-2.4564470644198053
2026-09-17 07:00:00+00:00,2026-09-17 03:00:00-04:00,13,1,3,66.65,69.70284808220478,66.9615133047104,0.3115133047103882,-2.7413347774943873
2026-09-17 08:00:00+00:00,2026-09-17 04:00:00-04:00,14,1,4,65.75,69.08386579877138,66.1564467549324,0.40644675493240356,-2.927419043838981
2026-09-17 09:00:00+00:00,2026-09-17 05:00:00-04:00,15,1,5,65.075,68.61962908619634,65.41836772561074,0.34336772561073303,-3.2012613605856046
2026-09-17 10:00:00+00:00,2026-09-17 06:00:00-04:00,16,1,6,64.4,68.1553923736213,64.7877132833004,0.3877132833003998,-3.367679090320891
2026-09-17 11:00:00+00:00,2026-09-17 07:00:00-04:00,17,1,7,64.175,68.00064680276293,66.80367212295532,2.6286721229553223,-1.1969746798076102
2026-09-17 12:00:00+00:00,2026-09-17 08:00:00-04:00,18,1,8,67.55,70.32183036563818,71.64303188323974,4.093031883239746,1.3212015176015655
2026-09-17 13:00:00+00:00,2026-09-17 09:00:00-04:00,19,1,9,72.725,73.88097849538022,76.75273427963256,4.027734279632568,2.8717557842523433
2026-09-17 14:00:00+00:00,2026-09-17 10:00:00-04:00,20,1,10,77.9,77.44012662512228,80.57993927001954,2.6799392700195312,3.139812644897262
2026-09-17 15:00:00+00:00,2026-09-17 11:00:00-04:00,21,1,11,82.175,80.3802924714309,83.48445181846618,1.3094518184661865,3.104159347035278
2026-09-17 16:00:00+00:00,2026-09-17 12:00:00-04:00,22,1,12,86.0,83.01096717602286,86.08612679690123,0.08612679690122604,3.0751596208783667
2026-09-17 17:00:00+00:00,2026-09-17 13:00:00-04:00,23,1,13,89.15,85.17740516803975,88.5667709350586,-0.5832290649414062,3.3893657670188446
2026-09-17 18:00:00+00:00,2026-09-17 14:00:00-04:00,24,1,14,90.95,86.41536973490655,89.51875252723694,-1.4312474727630615,3.103382792330393
2026-09-17 19:00:00+00:00,2026-09-17 15:00:00-04:00,25,1,15,92.3,87.34384316005664,89.8573935508728,-2.4426064491271973,2.513550390816164
2026-09-17 20:00:00+00:00,2026-09-17 16:00:00-04:00,26,1,16,92.75,87.65333430177334,90.13779711723328,-2.6122028827667236,2.484462815459935
2026-09-17 21:00:00+00:00,2026-09-17 17:00:00-04:00,27,1,17,91.85,87.03435201833994,88.39219436645507,-3.457805633544922,1.3578423481151276
2026-09-17 22:00:00+00:00,2026-09-17 18:00:00-04:00,28,1,18,89.6,85.48689630975645,86.64931116104125,-2.9506888389587402,1.162414851284808
2026-09-17 23:00:00+00:00,2026-09-17 19:00:00-04:00,29,1,19,83.075,80.99927475486432,79.77823514938355,-3.296764850616455,-1.2210396054807688
2026-09-18 00:00:00+00:00,2026-09-17 20:00:00-04:00,30,1,20,82.4,80.53503804228926,79.17303409576417,-3.22696590423584,-1.3620039465250926
2026-09-18 01:00:00+00:00,2026-09-17 21:00:00-04:00,31,1,21,81.275,79.76131018799751,78.01218810081483,-3.2628118991851807,-1.749122087182684
2026-09-18 02:00:00+00:00,2026-09-17 22:00:00-04:00,32,1,22,80.375,79.14232790456411,77.13882684707642,-3.236173152923584,-2.0035010574876964
2026-09-18 03:00:00+00:00,2026-09-17 23:00:00-04:00,33,1,23,78.35,77.74961776683897,75.18681559562683,-3.163184404373169,-2.562802171212141
2026-09-18 04:00:00+00:00,2026-09-18 00:00:00-04:00,34,2,0,76.775,76.66639877083053,74.34582629203797,-2.429173707962036,-2.320572478792556
2026-09-18 05:00:00+00:00,2026-09-18 01:00:00-04:00,35,2,1,73.85,74.65470634967197,72.47626111507415,-1.3737388849258423,-2.1784452345978167
2026-09-18 06:00:00+00:00,2026-09-18 02:00:00-04:00,36,2,2,73.4,74.34521520795528,72.11407091617585,-1.2859290838241577,-2.2311442917794295
2026-09-18 07:00:00+00:00,2026-09-18 03:00:00-04:00,37,2,3,75.2,75.58317977482207,73.21985430717469,-1.9801456928253174,-2.3633254676473854
2026-09-18 08:00:00+00:00,2026-09-18 04:00:00-04:00,38,2,4,75.2,75.58317977482207,73.16948623657227,-2.0305137634277344,-2.4136935382498024
2026-09-18 09:00:00+00:00,2026-09-18 05:00:00-04:00,39,2,5,72.725,73.88097849538022,71.48559103012084,-1.2394089698791504,-2.3953874652593754
2026-09-18 10:00:00+00:00,2026-09-18 06:00:00-04:00,40,2,6,70.25,72.17877721593838,70.51985397934914,0.26985397934913635,-1.6589232365892457
2026-09-18 11:00:00+00:00,2026-09-18 07:00:00-04:00,41,2,7,70.025,72.02403164508003,72.89666333198548,2.8716633319854736,0.87263168690545
2026-09-18 12:00:00+00:00,2026-09-18 08:00:00-04:00,42,2,8,72.05,73.41674178280518,76.01175718307495,3.961757183074951,2.595015400269773
2026-09-18 13:00:00+00:00,2026-09-18 09:00:00-04:00,43,2,9,76.325,76.35690762911382,79.70164270401001,3.3766427040100098,3.3447350748961924
2026-09-18 14:00:00+00:00,2026-09-18 10:00:00-04:00,44,2,10,81.5,79.91605575885586,83.35401225090027,1.8540122509002686,3.437956492044407
2026-09-18 15:00:00+00:00,2026-09-18 11:00:00-04:00,45,2,11,87.575,84.0941861720313,87.47160736173392,-0.10339263826608658,3.3774211897026163
2026-09-18 16:00:00+00:00,2026-09-18 12:00:00-04:00,46,2,12,90.95,86.41536973490655,89.49943025112152,-1.450569748878479,3.0840605162149757
2026-09-18 17:00:00+00:00,2026-09-18 13:00:00-04:00,47,2,13,93.2,87.96282544349005,90.76886315345764,-2.4311368465423584,2.8060377099675975
2026-09-18 18:00:00+00:00,2026-09-18 14:00:00-04:00,48,2,14,94.55,88.89129886864013,91.82518439292907,-2.724815607070923,2.9338855242889395
2026-09-18 19:00:00+00:00,2026-09-18 15:00:00-04:00,49,2,15,95.45,89.51028115207355,92.0732590675354,-3.3767409324645996,2.5629779154618575
2026-09-18 20:00:00+00:00,2026-09-18 16:00:00-04:00,50,2,16,95.0,89.20079001035684,91.09117412567139,-3.9088258743286133,1.8903841153145464
2026-09-18 21:00:00+00:00,2026-09-18 17:00:00-04:00,51,2,17,91.4,86.72486087662325,87.6126705646515,-3.7873294353485107,0.8878096880282413
2026-09-18 22:00:00+00:00,2026-09-18 18:00:00-04:00,52,2,18,86.0,83.01096717602286,83.59528088569641,-2.404719114303589,0.5843137096735518
2026-09-18 23:00:00+00:00,2026-09-18 19:00:00-04:00,53,2,19,81.95,80.22554690057257,79.61739916801453,-2.3326008319854736,-0.608147732558038
2026-09-19 00:00:00+00:00,2026-09-18 20:00:00-04:00,54,2,20,81.725,80.0708013297142,79.22698793411254,-2.498012065887451,-0.8438133956016571
2026-09-19 01:00:00+00:00,2026-09-18 21:00:00-04:00,55,2,21,81.95,80.22554690057257,79.26913661956787,-2.680863380432129,-0.9564102810046933
2026-09-19 02:00:00+00:00,2026-09-18 22:00:00-04:00,56,2,22,75.425,75.73792534568042,77.23732285499572,1.8123228549957275,1.4993975093153011
2026-09-19 03:00:00+00:00,2026-09-18 23:00:00-04:00,57,2,23,74.975,75.42843420396372,76.88270602226257,1.9077060222625732,1.4542718182988494
2026-09-19 04:00:00+00:00,2026-09-19 00:00:00-04:00,58,3,0,74.075,74.80945192053032,75.91498918533325,1.839989185333252,1.1055372648029334
2026-09-19 05:00:00+00:00,2026-09-19 01:00:00-04:00,59,3,1,72.95,74.03572406623857,74.96246213912964,2.0124621391296387,0.9267380728910695
2026-09-19 06:00:00+00:00,2026-09-19 02:00:00-04:00,60,3,2,72.5,73.72623292452188,73.82923984527588,1.329239845275879,0.10300692075399809
2026-09-19 07:00:00+00:00,2026-09-19 03:00:00-04:00,61,3,3,72.275,73.57148735366353,73.14436610937119,0.8693661093711853,-0.4271212442923371
2026-09-19 08:00:00+00:00,2026-09-19 04:00:00-04:00,62,3,4,72.05,73.41674178280518,73.18162922859192,1.131629228591919,-0.23511255421325927
2026-09-19 09:00:00+00:00,2026-09-19 05:00:00-04:00,63,3,5,71.6,73.10725064108847,72.7548478603363,1.1548478603363037,-0.3524027807521719
2026-09-19 10:00:00+00:00,2026-09-19 06:00:00-04:00,64,3,6,70.475,72.33352278679672,71.60064432621002,1.125644326210022,-0.7328784605867043
2026-09-19 11:00:00+00:00,2026-09-19 07:00:00-04:00,65,3,7,70.25,72.17877721593838,72.91353178024292,2.66353178024292,0.7347545643045379
2026-09-19 12:00:00+00:00,2026-09-19 08:00:00-04:00,66,3,8,71.375,72.95250507023013,75.85282516479492,4.477825164794922,2.9003200945647905
2026-09-19 13:00:00+00:00,2026-09-19 09:00:00-04:00,67,3,9,73.625,74.49996077881362,78.20687294006348,4.581872940063477,3.7069121612498606
2026-09-19 14:00:00+00:00,2026-09-19 10:00:00-04:00,68,3,10,74.975,75.42843420396372,80.11323556900024,5.138235569000244,4.68480136503652
2026-09-19 15:00:00+00:00,2026-09-19 11:00:00-04:00,69,3,11,75.875,76.04741648739711,80.71219205856323,4.837192058563232,4.664775571166118
2026-09-19 16:00:00+00:00,2026-09-19 12:00:00-04:00,70,3,12,77.675,77.28538105426391,81.29629163742065,3.6212916374206543,4.010910583156743
2026-09-19 17:00:00+00:00,2026-09-19 13:00:00-04:00,71,3,13,78.35,77.74961776683897,81.45976862907409,3.1097686290740967,3.7101508622351247
2026-09-19 18:00:00+00:00,2026-09-19 14:00:00-04:00,72,3,14,78.575,77.90436333769732,81.6000952243805,3.025095224380493,3.695731886683177
2026-09-19 19:00:00+00:00,2026-09-19 15:00:00-04:00,73,3,15,76.775,76.66639877083053,81.30982818603516,4.534828186035156,4.643429415204636
2026-09-19 20:00:00+00:00,2026-09-19 16:00:00-04:00,74,3,16,74.975,75.42843420396372,81.42118844985961,6.446188449859619,5.992754245895895
2026-09-19 21:00:00+00:00,2026-09-19 17:00:00-04:00,75,3,17,75.65,75.89267091653878,78.35759344100953,2.7075934410095215,2.464922524470751
2026-09-19 22:00:00+00:00,2026-09-19 18:00:00-04:00,76,3,18,77.45,77.13063548340557,79.27476425170899,1.8247642517089844,2.1441287683034176
2026-09-19 23:00:00+00:00,2026-09-19 19:00:00-04:00,77,3,19,75.65,75.89267091653878,74.98287847042084,-0.6671215295791626,-0.9097924461179332
2026-09-20 00:00:00+00:00,2026-09-19 20:00:00-04:00,78,3,20,72.725,73.88097849538022,73.0997120797634,0.3747120797634125,-0.7812664156168125
2026-09-20 01:00:00+00:00,2026-09-19 21:00:00-04:00,79,3,21,73.175,74.19046963709692,72.70504118800163,-0.4699588119983673,-1.485428449095295
2026-09-20 02:00:00+00:00,2026-09-19 22:00:00-04:00,80,3,22,73.4,74.34521520795528,72.59579660892487,-0.8042033910751343,-1.749418599030406
2026-09-20 03:00:00+00:00,2026-09-19 23:00:00-04:00,81,3,23,73.625,74.49996077881362,72.89632278680801,-0.7286772131919861,-1.603637992005602
2026-09-20 04:00:00+00:00,2026-09-20 00:00:00-04:00,82,4,0,73.625,74.49996077881362,72.78665244579315,-0.8383475542068481,-1.7133083330204641
2026-09-20 05:00:00+00:00,2026-09-20 01:00:00-04:00,83,4,1,72.95,74.03572406623857,72.17755247354508,-0.7724475264549255,-1.8581715926934947
2026-09-20 06:00:00+00:00,2026-09-20 02:00:00-04:00,84,4,2,70.925,72.64301392851343,71.5269629240036,0.6019629240036011,-1.1160510045098277
2026-09-20 07:00:00+00:00,2026-09-20 03:00:00-04:00,85,4,3,70.475,72.33352278679672,70.81479699015617,0.3397969901561737,-1.5187257966405525
2026-09-20 08:00:00+00:00,2026-09-20 04:00:00-04:00,86,4,4,71.6,73.10725064108847,71.42855343818664,-0.1714465618133545,-1.67869720290183
2026-09-20 09:00:00+00:00,2026-09-20 05:00:00-04:00,87,4,5,70.7,72.48826835765507,71.50693751573563,0.8069375157356262,-0.9813308419194442
2026-09-20 10:00:00+00:00,2026-09-20 06:00:00-04:00,88,4,6,70.7,72.48826835765507,71.54454947710038,0.8445494771003723,-0.9437188805546981
2026-09-20 11:00:00+00:00,2026-09-20 07:00:00-04:00,89,4,7,71.375,72.95250507023013,73.75770020484924,2.382700204849243,0.8051951346191117
2026-09-20 12:00:00+00:00,2026-09-20 08:00:00-04:00,90,4,8,71.825,73.26199621194682,75.8853551864624,4.060355186462402,2.6233589745155825
2026-09-20 13:00:00+00:00,2026-09-20 09:00:00-04:00,91,4,9,73.4,74.34521520795528,78.21352043151856,4.813520431518555,3.868305223563283
2026-09-20 14:00:00+00:00,2026-09-20 10:00:00-04:00,92,4,10,74.75,75.27368863310537,80.1181993484497,5.368199348449707,4.844510715344342
2026-09-20 15:00:00+00:00,2026-09-20 11:00:00-04:00,93,4,11,77.225,76.97588991254722,81.27609119415283,4.051091194152832,4.300201281605609
2026-09-20 16:00:00+00:00,2026-09-20 12:00:00-04:00,94,4,12,83.075,80.99927475486432,84.38121254444123,1.3062125444412231,3.3819377895769094
2026-09-20 17:00:00+00:00,2026-09-20 13:00:00-04:00,95,4,13,86.45,83.32045831773955,86.14054201245308,-0.3094579875469208,2.8200836947135315
2026-09-20 18:00:00+00:00,2026-09-20 14:00:00-04:00,96,4,14,88.925,85.0226595971814,87.89009563922882,-1.0349043607711792,2.867436042047416
2026-09-20 19:00:00+00:00,2026-09-20 15:00:00-04:00,97,4,15,90.05,85.79638745147315,88.49305109977722,-1.5569489002227783,2.6966636483040674
2026-09-20 20:00:00+00:00,2026-09-20 16:00:00-04:00,98,4,16,86.9,83.62994945945626,85.57717552185059,-1.322824478149414,1.9472260623943356
2026-09-20 21:00:00+00:00,2026-09-20 17:00:00-04:00,99,4,17,82.4,80.53503804228926,81.6764465212822,-0.723553478717804,1.1414084789929433
2026-09-20 22:00:00+00:00,2026-09-20 18:00:00-04:00,100,4,18,81.05,79.60656461713916,80.3852335691452,-0.6647664308547974,0.7786689520060435
2026-09-20 23:00:00+00:00,2026-09-20 19:00:00-04:00,101,4,19,79.925,78.8328367628474,77.97336785793304,-1.9516321420669556,-0.8594689049143653
2026-09-21 00:00:00+00:00,2026-09-20 20:00:00-04:00,102,4,20,78.125,77.59487219598061,76.18607473373413,-1.9389252662658691,-1.4087974622464827
2026-09-21 01:00:00+00:00,2026-09-20 21:00:00-04:00,103,4,21,73.175,74.19046963709692,75.77907590866089,2.6040759086608887,1.588606271563961
2026-09-21 02:00:00+00:00,2026-09-20 22:00:00-04:00,104,4,22,70.7,72.48826835765507,73.3114399433136,2.6114399433135986,0.8231715856585282
2026-09-21 03:00:00+00:00,2026-09-20 23:00:00-04:00,105,4,23,70.025,72.02403164508003,72.29839148521424,2.2733914852142334,0.2743598401342098
2026-09-21 04:00:00+00:00,2026-09-21 00:00:00-04:00,106,5,0,70.25,72.17877721593838,71.8705221414566,1.620522141456604,-0.308255074481778
2026-09-21 05:00:00+00:00,2026-09-21 01:00:00-04:00,107,5,1,70.7,72.48826835765507,71.72991592884064,1.0299159288406372,-0.7583524288144332
2026-09-21 06:00:00+00:00,2026-09-21 02:00:00-04:00,108,5,2,70.475,72.33352278679672,71.60418543815612,1.129185438156128,-0.7293373486405983
2026-09-21 07:00:00+00:00,2026-09-21 03:00:00-04:00,109,5,3,69.575,71.71454050336334,70.83724637031555,1.2622463703155518,-0.8772941330477835
2026-09-21 08:00:00+00:00,2026-09-21 04:00:00-04:00,110,5,4,69.35,71.55979493250497,70.4943475484848,1.1443475484848022,-1.0654473840201746
2026-09-21 09:00:00+00:00,2026-09-21 05:00:00-04:00,111,5,5,69.35,71.55979493250497,70.40918419361114,1.059184193611145,-1.1506107388938318
2026-09-21 10:00:00+00:00,2026-09-21 06:00:00-04:00,112,5,6,69.575,71.71454050336334,70.56001491546631,0.9850149154663086,-1.1545255878970266
2026-09-21 11:00:00+00:00,2026-09-21 07:00:00-04:00,113,5,7,69.575,71.71454050336334,72.04173631668091,2.466736316680908,0.32719581331757297
2026-09-21 12:00:00+00:00,2026-09-21 08:00:00-04:00,114,5,8,71.6,73.10725064108847,75.28885660171508,3.688856601715088,2.1816059606266123
2026-09-21 13:00:00+00:00,2026-09-21 09:00:00-04:00,115,5,9,75.2,75.58317977482207,78.55150408744812,3.35150408744812,2.968324312626052
2026-09-21 14:00:00+00:00,2026-09-21 10:00:00-04:00,116,5,10,75.65,75.89267091653878,79.5540379524231,3.9040379524230957,3.661367035884325
2026-09-21 15:00:00+00:00,2026-09-21 11:00:00-04:00,117,5,11,74.3,74.96419749138867,79.52376680374145,5.223766803741455,4.559569312352778
2026-09-21 16:00:00+00:00,2026-09-21 12:00:00-04:00,118,5,12,73.625,74.49996077881362,79.22743225097656,5.6024322509765625,4.7274714721629465
2026-09-21 17:00:00+00:00,2026-09-21 13:00:00-04:00,119,5,13,74.975,75.42843420396372,80.29171524047851,5.316715240478516,4.863281036514792
2026-09-21 18:00:00+00:00,2026-09-21 14:00:00-04:00,120,5,14,77.9,77.44012662512228,80.73571338653565,2.8357133865356445,3.295586761413375
2026-09-21 19:00:00+00:00,2026-09-21 15:00:00-04:00,121,5,15,76.175,76.25374391520825,81.451704788208,5.276704788208008,5.197960872999758
2026-09-21 20:00:00+00:00,2026-09-21 16:00:00-04:00,122,5,16,74.45,75.06736120529423,81.25053567886353,6.800535678863525,6.183174473569295
2026-09-21 21:00:00+00:00,2026-09-21 17:00:00-04:00,123,5,17,72.725,73.88097849538022,79.56359300613403,6.838593006134033,5.682614510753808
2026-09-21 22:00:00+00:00,2026-09-21 18:00:00-04:00,124,5,18,69.95,71.97244978812725,77.73152465820313,7.781524658203125,5.759074870075878
2026-09-21 23:00:00+00:00,2026-09-21 19:00:00-04:00,125,5,19,67.175,70.06392108087427,73.2980206489563,6.123020648956299,3.23409956808203
2026-09-22 00:00:00+00:00,2026-09-21 20:00:00-04:00,126,5,20,64.4,68.1553923736213,69.61437311172486,5.2143731117248535,1.4589807381035627
2026-09-22 01:00:00+00:00,2026-09-21 21:00:00-04:00,127,5,21,64.475,68.20697423057406,68.91542253494262,4.440422534942627,0.7084483043685594
2026-09-22 02:00:00+00:00,2026-09-21 22:00:00-04:00,128,5,22,64.55,68.25855608752686,67.94114761352539,3.3911476135253906,-0.31740847400146777
2026-09-22 03:00:00+00:00,2026-09-21 23:00:00-04:00,129,5,23,64.625,68.31013794447964,67.75210070610046,3.127100706100464,-0.5580372383791712
2026-09-22 04:00:00+00:00,2026-09-22 00:00:00-04:00,130,6,0,64.175,68.00064680276293,67.27077775001526,3.095777750015259,-0.7298690527476737
2026-09-22 05:00:00+00:00,2026-09-22 01:00:00-04:00,131,6,1,63.725,67.69115566104624,66.54053268432617,2.8155326843261648,-1.1506229767200722
2026-09-22 06:00:00+00:00,2026-09-22 02:00:00-04:00,132,6,2,63.275,67.38166451932953,65.69050850868226,2.415508508682258,-1.6911560106472763
2026-09-22 07:00:00+00:00,2026-09-22 03:00:00-04:00,133,6,3,63.2,67.33008266237675,65.27115578651429,2.0711557865142822,-2.0589268758624684
2026-09-22 08:00:00+00:00,2026-09-22 04:00:00-04:00,134,6,4,63.125,67.27850080542397,65.0087161064148,1.883716106414795,-2.269784699009179
2026-09-22 09:00:00+00:00,2026-09-22 05:00:00-04:00,135,6,5,63.05,67.2269189484712,64.95196073055267,1.9019607305526733,-2.274958217918524
2026-09-22 10:00:00+00:00,2026-09-22 06:00:00-04:00,136,6,6,62.825,67.07217337761284,64.75118608474732,1.9261860847473145,-2.3209872928655244
2026-09-22 11:00:00+00:00,2026-09-22 07:00:00-04:00,137,6,7,62.6,66.91742780675449,67.31883487701415,4.718834877014153,0.4014070702596655
2026-09-22 12:00:00+00:00,2026-09-22 08:00:00-04:00,138,6,8,62.375,66.76268223589614,69.0838508605957,6.708850860595703,2.321168624699567
2026-09-22 13:00:00+00:00,2026-09-22 09:00:00-04:00,139,6,9,63.275,67.38166451932953,71.03044166564942,7.755441665649421,3.648777146319887
2026-09-22 14:00:00+00:00,2026-09-22 10:00:00-04:00,140,6,10,64.175,68.00064680276293,73.2283103942871,9.05331039428711,5.227663591524177
2026-09-22 15:00:00+00:00,2026-09-22 11:00:00-04:00,141,6,11,65.075,68.61962908619634,75.52417106628418,10.44917106628418,6.904541980087842
2026-09-22 16:00:00+00:00,2026-09-22 12:00:00-04:00,142,6,12,66.875,69.85759365306313,77.37536334991455,10.50036334991455,7.517769696851417
2026-09-22 17:00:00+00:00,2026-09-22 13:00:00-04:00,143,6,13,68.675,71.09555821992993,77.77110176086425,9.096101760864258,6.675543540934328
2026-09-22 18:00:00+00:00,2026-09-22 14:00:00-04:00,144,6,14,70.475,72.33352278679672,78.31631383895873,7.84131383895874,5.982791052162014
2026-09-22 19:00:00+00:00,2026-09-22 15:00:00-04:00,145,6,15,71.0,72.6945957854662,78.71967649459839,7.719676494598389,6.025080709132183
2026-09-22 20:00:00+00:00,2026-09-22 16:00:00-04:00,146,6,16,71.525,73.05566878413569,78.69174518585206,7.166745185852051,5.636076401716366
2026-09-22 21:00:00+00:00,2026-09-22 17:00:00-04:00,147,6,17,72.05,73.41674178280518,76.30306749343872,4.253067493438721,2.8863257106335425
2026-09-22 22:00:00+00:00,2026-09-22 18:00:00-04:00,148,6,18,71.15,72.79775949937178,76.10423078536988,4.954230785369873,3.3064712859981
2026-09-22 23:00:00+00:00,2026-09-22 19:00:00-04:00,149,6,19,70.25,72.17877721593838,73.26352286338806,3.0135228633880615,1.0847456474496795
2026-09-23 00:00:00+00:00,2026-09-22 20:00:00-04:00,150,6,20,69.35,71.55979493250497,72.13406620025634,2.7840662002563477,0.5742712677513708
2026-09-23 01:00:00+00:00,2026-09-22 21:00:00-04:00,151,6,21,68.75,71.14714007688272,70.782386302948,2.032386302947998,-0.36475377393472286
2026-09-23 02:00:00+00:00,2026-09-22 22:00:00-04:00,152,6,22,68.15,70.73448522126046,69.41950633525849,1.2695063352584839,-1.3149788860019669
2026-09-23 03:00:00+00:00,2026-09-22 23:00:00-04:00,153,6,23,67.55,70.32183036563818,68.77266352176666,1.2226635217666626,-1.549166843871518
2026-09-23 04:00:00+00:00,2026-09-23 00:00:00-04:00,154,7,0,66.65,69.70284808220478,66.52779758125544,-0.12220241874456406,-3.1750505009493395
2026-09-23 05:00:00+00:00,2026-09-23 01:00:00-04:00,155,7,1,65.75,69.08386579877138,66.14297944307327,0.3929794430732727,-2.9408863556981117
2026-09-23 06:00:00+00:00,2026-09-23 02:00:00-04:00,156,7,2,64.85,68.46488351533799,64.79714724272489,-0.05285275727510452,-3.667736272613098
2026-09-23 07:00:00+00:00,2026-09-23 03:00:00-04:00,157,7,3,64.475,68.20697423057406,63.82839373350143,-0.6466062664985657,-4.378580497072633
2026-09-23 08:00:00+00:00,2026-09-23 04:00:00-04:00,158,7,4,64.1,67.94906494581015,63.09331295490264,-1.006687045097351,-4.855751990907507
2026-09-23 09:00:00+00:00,2026-09-23 05:00:00-04:00,159,7,5,63.725,67.69115566104624,62.10141966342926,-1.6235803365707397,-5.589735997616977
2026-09-23 10:00:00+00:00,2026-09-23 06:00:00-04:00,160,7,6,64.025,67.89748308885737,62.107580924034124,-1.9174190759658813,-5.789902164823246
2026-09-23 11:00:00+00:00,2026-09-23 07:00:00-04:00,161,7,7,64.325,68.1038105166685,64.59618569612503,0.2711856961250305,-3.5076248205434695
2026-09-23 12:00:00+00:00,2026-09-23 08:00:00-04:00,162,7,8,64.625,68.31013794447964,67.67051887512207,3.0455188751220703,-0.6396190693575647
2026-09-23 13:00:00+00:00,2026-09-23 09:00:00-04:00,163,7,9,66.35,69.49652065439365,70.23254308700561,3.8825430870056152,0.7360224326119607
2026-09-23 14:00:00+00:00,2026-09-23 10:00:00-04:00,164,7,10,68.075,70.68290336430766,72.25352306365967,4.178523063659668,1.570619699352008
2026-09-23 15:00:00+00:00,2026-09-23 11:00:00-04:00,165,7,11,69.8,71.86928607422168,74.15662460327148,4.356624603271484,2.287338529049805
2026-09-23 16:00:00+00:00,2026-09-23 12:00:00-04:00,166,7,12,70.1,72.07561350203281,74.8194595336914,4.719459533691406,2.7438460316585918
2026-09-23 17:00:00+00:00,2026-09-23 13:00:00-04:00,167,7,13,70.4,72.28194092984396,75.7590316772461,5.359031677246094,3.477090747402144
2026-09-23 18:00:00+00:00,2026-09-23 14:00:00-04:00,168,7,14,70.7,72.48826835765507,75.4872052192688,4.787205219268799,2.9989368616137284
2026-09-23 19:00:00+00:00,2026-09-23 15:00:00-04:00,169,7,15,72.05,73.41674178280518,76.33474521636963,4.284745216369629,2.9180034335644507
2026-09-23 20:00:00+00:00,2026-09-23 16:00:00-04:00,170,7,16,73.4,74.34521520795528,75.9260763168335,2.526076316833496,1.5808611088782243
2026-09-23 21:00:00+00:00,2026-09-23 17:00:00-04:00,171,7,17,74.75,75.27368863310537,75.18178251385689,0.4317825138568878,-0.09190611924847758
2026-09-23 22:00:00+00:00,2026-09-23 18:00:00-04:00,172,7,18,72.725,73.88097849538022,73.23583117723464,0.5108311772346497,-0.6451473181455754
2026-09-23 23:00:00+00:00,2026-09-23 19:00:00-04:00,173,7,19,70.7,72.48826835765507,69.84489251375199,-0.8551074862480164,-2.6433758439030868
2026-09-24 00:00:00+00:00,2026-09-23 20:00:00-04:00,174,7,20,68.675,71.09555821992993,68.59703664779663,-0.07796335220336914,-2.498521572133299
2026-09-24 01:00:00+00:00,2026-09-23 21:00:00-04:00,175,7,21,68.225,70.78606707821322,67.47285768985748,-0.7521423101425171,-3.3132093883557445
2026-09-24 02:00:00+00:00,2026-09-23 22:00:00-04:00,176,7,22,67.775,70.47657593649653,66.30508353710175,-1.4699164628982544,-4.171492399394779
2026-09-24 03:00:00+00:00,2026-09-23 23:00:00-04:00,177,7,23,67.325,70.16708479477984,66.01923651695252,-1.3057634830474854,-4.147848277827322
2026-09-24 04:00:00+00:00,2026-09-24 00:00:00-04:00,178,8,0,67.475,70.2702485086854,67.90697208642959,0.43197208642959595,-2.363276422255808
2026-09-24 05:00:00+00:00,2026-09-24 01:00:00-04:00,179,8,1,67.625,70.37341222259097,67.67564005404711,0.0506400540471077,-2.697772168543864
2026-09-24 06:00:00+00:00,2026-09-24 02:00:00-04:00,180,8,2,67.775,70.47657593649653,67.26644673347474,-0.5085532665252686,-3.2101292030217934
2026-09-24 07:00:00+00:00,2026-09-24 03:00:00-04:00,181,8,3,66.95,69.90917551001591,66.21320338249207,-0.7367966175079346,-3.695972127523845
2026-09-24 08:00:00+00:00,2026-09-24 04:00:00-04:00,182,8,4,66.125,69.3417750835353,65.5618827342987,-0.563117265701294,-3.77989234923659
2026-09-24 09:00:00+00:00,2026-09-24 05:00:00-04:00,183,8,5,65.3,68.77437465705468,65.15907757282257,-0.1409224271774292,-3.615297084232111
2026-09-24 10:00:00+00:00,2026-09-24 06:00:00-04:00,184,8,6,65.3,68.77437465705468,65.08250932693481,-0.21749067306518555,-3.6918653301198674
2026-09-24 11:00:00+00:00,2026-09-24 07:00:00-04:00,185,8,7,65.3,68.77437465705468,67.41147093772888,2.111470937728882,-1.3629037193258
2026-09-24 12:00:00+00:00,2026-09-24 08:00:00-04:00,186,8,8,65.3,68.77437465705468,69.93825702667236,4.638257026672363,1.1638823696176814
2026-09-24 13:00:00+00:00,2026-09-24 09:00:00-04:00,187,8,9,69.125,71.40504936164663,73.52844285964966,4.403442859649658,2.1233934980030256
2026-09-24 14:00:00+00:00,2026-09-24 10:00:00-04:00,188,8,10,72.95,74.03572406623857,76.23065276145935,3.2806527614593506,2.1949286952207814
2026-09-24 15:00:00+00:00,2026-09-24 11:00:00-04:00,189,8,11,76.775,76.66639877083053,78.66007926464081,1.885079264640808,1.9936804938102881
2026-09-24 16:00:00+00:00,2026-09-24 12:00:00-04:00,190,8,12,79.25,78.36860005027236,81.240753531456,1.9907535314559937,2.8721534811836307
2026-09-24 17:00:00+00:00,2026-09-24 13:00:00-04:00,191,8,13,81.725,80.0708013297142,81.7687634140253,0.0437634140253067,1.6979620843111007
2026-09-24 18:00:00+00:00,2026-09-24 14:00:00-04:00,192,8,14,84.2,81.77300260915605,83.23480368852616,-0.9651963114738464,1.4618010793701046
2026-09-24 19:00:00+00:00,2026-09-24 15:00:00-04:00,193,8,15,82.55,80.63820175619482,81.9037191748619,-0.646280825138092,1.2655174186670877
2026-09-24 20:00:00+00:00,2026-09-24 16:00:00-04:00,194,8,16,80.9,79.5034009032336,81.00157529264689,0.10157529264688492,1.4981743894132933
2026-09-24 21:00:00+00:00,2026-09-24 17:00:00-04:00,195,8,17,79.25,78.36860005027236,79.66287642717361,0.4128764271736145,1.2942763769012515
2026-09-24 22:00:00+00:00,2026-09-24 18:00:00-04:00,196,8,18,77.6,77.23379919731113,78.17535052299499,0.5753505229949951,0.9415513256838608
2026-09-24 23:00:00+00:00,2026-09-24 19:00:00-04:00,197,8,19,75.95,76.09899834434991,74.39305241107941,-1.5569475889205933,-1.705945933270499
2026-09-25 00:00:00+00:00,2026-09-24 20:00:00-04:00,198,8,20,74.3,74.96419749138867,73.34536736011505,-0.9546326398849487,-1.6188301312736257
2026-09-25 01:00:00+00:00,2026-09-24 21:00:00-04:00,199,8,21,71.9,73.31357806889962,71.63361819982529,-0.26638180017471313,-1.6799598690743238
2026-09-25 02:00:00+00:00,2026-09-24 22:00:00-04:00,200,8,22,69.5,71.66295864641054,69.66668601334095,0.16668601334095,-1.9962726330695943
2026-09-25 03:00:00+00:00,2026-09-24 23:00:00-04:00,201,8,23,67.1,70.01233922392147,68.55921576023101,1.459215760231018,-1.45312346369046
2026-09-25 04:00:00+00:00,2026-09-25 00:00:00-04:00,202,9,0,66.275,69.44493879744087,68.29735054969788,2.022350549697876,-1.1475882477429877
2026-09-25 05:00:00+00:00,2026-09-25 01:00:00-04:00,203,9,1,65.45,68.87753837096025,67.75426740646363,2.304267406463623,-1.1232709644966263
2026-09-25 06:00:00+00:00,2026-09-25 02:00:00-04:00,204,9,2,64.625,68.31013794447964,67.01889181137085,2.3938918113708496,-1.2912461331087854
2026-09-25 07:00:00+00:00,2026-09-25 03:00:00-04:00,205,9,3,64.025,67.89748308885737,65.94208362102509,1.9170836210250854,-1.9553994678322795
2026-09-25 08:00:00+00:00,2026-09-25 04:00:00-04:00,206,9,4,63.425,67.4848282332351,65.15448038578033,1.7294803857803345,-2.3303478474547745
2026-09-25 09:00:00+00:00,2026-09-25 05:00:00-04:00,207,9,5,62.825,67.07217337761284,64.64749367237091,1.8224936723709106,-2.424679705241928
2026-09-25 10:00:00+00:00,2026-09-25 06:00:00-04:00,208,9,6,63.2,67.33008266237675,64.7404349565506,1.5404349565505981,-2.5896477058261524
2026-09-25 11:00:00+00:00,2026-09-25 07:00:00-04:00,209,9,7,63.575,67.58799194714068,66.49068112373352,2.9156811237335205,-1.097310823407156
2026-09-25 12:00:00+00:00,2026-09-25 08:00:00-04:00,210,9,8,63.95,67.84590123190459,69.05240650177002,5.1024065017700195,1.2065052698654313
2026-09-25 13:00:00+00:00,2026-09-25 09:00:00-04:00,211,9,9,68.6,71.04397636297715,74.11805543899536,5.518055438995361,3.074079076018208
2026-09-25 14:00:00+00:00,2026-09-25 10:00:00-04:00,212,9,10,73.25,74.2420514940497,76.35124135017395,3.10124135017395,2.109189856124246
2026-09-25 15:00:00+00:00,2026-09-25 11:00:00-04:00,213,9,11,77.9,77.44012662512228,79.35510709285737,1.4551070928573608,1.9149804677350915
2026-09-25 16:00:00+00:00,2026-09-25 12:00:00-04:00,214,9,12,80.15,78.98758233370577,81.4927267074585,1.342726707458496,2.505144373752728
2026-09-25 17:00:00+00:00,2026-09-25 13:00:00-04:00,215,9,13,82.4,80.53503804228926,81.98858537673951,-0.41141462326049805,1.4535473344502492
2026-09-25 18:00:00+00:00,2026-09-25 14:00:00-04:00,216,9,14,84.65,82.08249375087276,83.5238843202591,-1.1261156797409058,1.4413905693863427
2026-09-25 19:00:00+00:00,2026-09-25 15:00:00-04:00,217,9,15,84.8,82.18565746477832,82.62711362838745,-2.172886371612549,0.4414561636091321
2026-09-25 20:00:00+00:00,2026-09-25 16:00:00-04:00,218,9,16,84.95,82.28882117868389,81.48378796577454,-3.466212034225464,-0.8050332129093505
2026-09-25 21:00:00+00:00,2026-09-25 17:00:00-04:00,219,9,17,85.1,82.39198489258945,80.44843969345092,-4.651560306549072,-1.9435451991385264
2026-09-25 22:00:00+00:00,2026-09-25 18:00:00-04:00,220,9,18,80.6,79.29707347542245,78.36502847671508,-2.234971523284912,-0.9320449987073687
2026-09-25 23:00:00+00:00,2026-09-25 19:00:00-04:00,221,9,19,76.1,76.20216205825547,73.33779892921447,-2.7622010707855225,-2.8643631290409957
2026-09-26 00:00:00+00:00,2026-09-25 20:00:00-04:00,222,9,20,71.6,73.10725064108847,70.67860195636749,-0.9213980436325073,-2.428648684720983
2026-09-26 01:00:00+00:00,2026-09-25 21:00:00-04:00,223,9,21,70.325,72.23035907289116,70.1829689860344,-0.1420310139656067,-2.0473900868567654
2026-09-26 02:00:00+00:00,2026-09-25 22:00:00-04:00,224,9,22,69.05,71.35346750469384,68.79456349015236,-0.255436509847641,-2.5589040145414828
2026-09-26 03:00:00+00:00,2026-09-25 23:00:00-04:00,225,9,23,67.775,70.47657593649653,67.66136181503535,-0.11363818496465683,-2.8152141214611817
2026-09-26 04:00:00+00:00,2026-09-26 00:00:00-04:00,226,10,0,66.875,69.85759365306313,66.73091895878315,-0.14408104121685028,-3.126674694279984
2026-09-26 05:00:00+00:00,2026-09-26 01:00:00-04:00,227,10,1,65.975,69.23861136962972,65.9352505788207,-0.039749421179294586,-3.3033607908090232
2026-09-26 06:00:00+00:00,2026-09-26 02:00:00-04:00,228,10,2,65.075,68.61962908619634,64.98792368620634,-0.08707631379365921,-3.631705399989997
2026-09-26 07:00:00+00:00,2026-09-26 03:00:00-04:00,229,10,3,64.025,67.89748308885737,64.55008646249772,0.5250864624977112,-3.3473966263596537
2026-09-26 08:00:00+00:00,2026-09-26 04:00:00-04:00,230,10,4,62.975,67.1753370915184,63.65500555038452,0.6800055503845215,-3.520331541133878
2026-09-26 09:00:00+00:00,2026-09-26 05:00:00-04:00,231,10,5,61.925,66.45319109417945,64.5835214138031,2.6585214138031006,-1.8696696803763473
2026-09-26 10:00:00+00:00,2026-09-26 06:00:00-04:00,232,10,6,62.375,66.76268223589614,64.10586190223694,1.7308619022369385,-2.656820333659198
2026-09-26 11:00:00+00:00,2026-09-26 07:00:00-04:00,233,10,7,62.825,67.07217337761284,65.58586711883545,2.760867118835449,-1.4863062587773896
2026-09-26 12:00:00+00:00,2026-09-26 08:00:00-04:00,234,10,8,63.275,67.38166451932953,68.79084959030152,5.515849590301521,1.4091850709719864
2026-09-26 13:00:00+00:00,2026-09-26 09:00:00-04:00,235,10,9,65.45,68.87753837096025,72.15252275466919,6.7025227546691895,3.27498438370894
2026-09-26 14:00:00+00:00,2026-09-26 10:00:00-04:00,236,10,10,67.625,70.37341222259097,73.72659301757812,6.101593017578125,3.3531807949871535
2026-09-26 15:00:00+00:00,2026-09-26 11:00:00-04:00,237,10,11,69.8,71.86928607422168,76.88210468292236,7.082104682922363,5.012818608700684
2026-09-26 16:00:00+00:00,2026-09-26 12:00:00-04:00,238,10,12,71.225,72.84934135632456,78.11792573928832,6.89292573928833,5.268584382963766
2026-09-26 17:00:00+00:00,2026-09-26 13:00:00-04:00,239,10,13,72.65,73.82939663842744,78.27205934524537,5.622059345245361,4.442662706817927
2026-09-26 18:00:00+00:00,2026-09-26 14:00:00-04:00,240,10,14,74.075,74.80945192053032,79.12641305923462,5.051413059234619,4.3169611387043005
2026-09-26 19:00:00+00:00,2026-09-26 15:00:00-04:00,241,10,15,72.575,73.77781478147466,78.1905800819397,5.615580081939697,4.41276530046504
2026-09-26 20:00:00+00:00,2026-09-26 16:00:00-04:00,242,10,16,71.075,72.746177642419,77.37248296737671,6.297482967376709,4.626305324957713
2026-09-26 21:00:00+00:00,2026-09-26 17:00:00-04:00,243,10,17,69.575,71.71454050336334,74.41680068969727,4.841800689697266,2.7022601863339304
2026-09-26 22:00:00+00:00,2026-09-26 18:00:00-04:00,244,10,18,67.85,70.52815779344931,73.08748731613159,5.237487316131592,2.559329522682276
2026-09-26 23:00:00+00:00,2026-09-26 19:00:00-04:00,245,10,19,66.125,69.3417750835353,70.036057472229,3.911057472229004,0.6942823886937077
2026-09-27 00:00:00+00:00,2026-09-26 20:00:00-04:00,246,10,20,64.4,68.1553923736213,67.2546838760376,2.8546838760375977,-0.9007084975836932
2026-09-27 01:00:00+00:00,2026-09-26 21:00:00-04:00,247,10,21,63.95,67.84590123190459,66.221568775177,2.271568775177002,-1.6243324567275863
2026-09-27 02:00:00+00:00,2026-09-26 22:00:00-04:00,248,10,22,63.5,67.53641009018789,65.36342513561249,1.8634251356124878,-2.172984954575398
2026-09-27 03:00:00+00:00,2026-09-26 23:00:00-04:00,249,10,23,63.05,67.2269189484712,65.15975122451782,2.1097512245178223,-2.067167723953375
2026-09-27 04:00:00+00:00,2026-09-27 00:00:00-04:00,250,11,0,62.1875,66.63372759351418,64.23170852661133,2.044208526611328,-2.4020190669028523
2026-09-27 05:00:00+00:00,2026-09-27 01:00:00-04:00,251,11,1,61.325,66.04053623855718,63.38209862709046,2.057098627090454,-2.6584376114667236
2026-09-27 06:00:00+00:00,2026-09-27 02:00:00-04:00,252,11,2,60.4625,65.44734488360017,62.64847388267517,2.185973882675171,-2.798871000924997
2026-09-27 07:00:00+00:00,2026-09-27 03:00:00-04:00,253,11,3,59.675,64.90573538559595,61.87200741767883,2.197007417678833,-3.033727967917116
2026-09-27 08:00:00+00:00,2026-09-27 04:00:00-04:00,254,11,4,58.8875,64.36412588759173,61.306444597244266,2.4189445972442627,-3.0576812903474604
2026-09-27 09:00:00+00:00,2026-09-27 05:00:00-04:00,255,11,5,58.1,63.8225163895875,60.28631649017334,2.18631649017334,-3.5361998994141572
2026-09-27 10:00:00+00:00,2026-09-27 06:00:00-04:00,256,11,6,57.2375,63.22932503463049,59.11246531009674,1.8749653100967407,-4.116859724533754
2026-09-27 11:00:00+00:00,2026-09-27 07:00:00-04:00,257,11,7,56.375,62.636133679673485,61.40603828430176,5.031038284301758,-1.2300953953717269
2026-09-27 12:00:00+00:00,2026-09-27 08:00:00-04:00,258,11,8,55.5125,62.04294232471648,63.19229383468628,7.679793834686279,1.1493515099698044
2026-09-27 13:00:00+00:00,2026-09-27 09:00:00-04:00,259,11,9,58.55,64.1320075313042,67.60130004882812,9.051300048828125,3.4692925175239253
2026-09-27 14:00:00+00:00,2026-09-27 10:00:00-04:00,260,11,10,61.5875,66.22107273789192,71.03585853576661,9.448358535766609,4.814785797874691
2026-09-27 15:00:00+00:00,2026-09-27 11:00:00-04:00,261,11,11,64.625,68.31013794447964,72.89719581604004,8.272195816040039,4.587057871560404
2026-09-27 16:00:00+00:00,2026-09-27 12:00:00-04:00,262,11,12,65.825,69.13544765572416,75.37513370513916,9.55013370513916,6.239686049414999
2026-09-27 17:00:00+00:00,2026-09-27 13:00:00-04:00,263,11,13,67.025,69.9607573669687,75.41882839202881,8.393828392028809,5.458071025060107
2026-09-27 18:00:00+00:00,2026-09-27 14:00:00-04:00,264,11,14,68.225,70.78606707821322,74.41147003173828,6.186470031738281,3.625402953525054
2026-09-27 19:00:00+00:00,2026-09-27 15:00:00-04:00,265,11,15,68.3,70.83764893516602,74.16355018615722,5.863550186157227,3.3259012509912083
2026-09-27 20:00:00+00:00,2026-09-27 16:00:00-04:00,266,11,16,68.375,70.8892307921188,73.85822057723999,5.48322057723999,2.9689897851211953
2026-09-27 21:00:00+00:00,2026-09-27 17:00:00-04:00,267,11,17,68.45,70.94081264907159,71.71452994346619,3.2645299434661865,0.7737172943946007
2026-09-27 22:00:00+00:00,2026-09-27 18:00:00-04:00,268,11,18,65.6,68.98070208486581,70.6535774230957,5.053577423095703,1.6728753382298862
2026-09-27 23:00:00+00:00,2026-09-27 19:00:00-04:00,269,11,19,62.75,67.02059152066006,65.04410862922668,2.2941086292266846,-1.9764828914333776
2026-09-28 00:00:00+00:00,2026-09-27 20:00:00-04:00,270,11,20,59.9,65.0604809564543,64.0637659072876,4.163765907287605,-0.9967150491666956
2026-09-28 01:00:00+00:00,2026-09-27 21:00:00-04:00,271,11,21,59.15,64.54466238692646,63.26027336120605,4.110273361206055,-1.284389025720408
2026-09-28 02:00:00+00:00,2026-09-27 22:00:00-04:00,272,11,22,58.4,64.02884381739862,61.73646512031555,3.3364651203155518,-2.2923786970830733
2026-09-28 03:00:00+00:00,2026-09-27 23:00:00-04:00,273,11,23,57.65,63.5130252478708,60.96048607826233,3.310486078262329,-2.5525391696084725
2026-09-28 04:00:00+00:00,2026-09-28 00:00:00-04:00,274,12,0,56.975,63.04878853529575,60.46187601089478,3.4868760108947754,-2.5869125244009723
2026-09-28 05:00:00+00:00,2026-09-28 01:00:00-04:00,275,12,1,56.3,62.5845518227207,59.44874100685119,3.1487410068511963,-3.1358108158695046
2026-09-28 06:00:00+00:00,2026-09-28 02:00:00-04:00,276,12,2,55.625,62.12031511014565,58.9823534488678,3.357353448867798,-3.137961661277849
2026-09-28 07:00:00+00:00,2026-09-28 03:00:00-04:00,277,12,3,56.0,62.378224394909566,58.87770056724548,2.8777005672454834,-3.5005238276640824
2026-09-28 08:00:00+00:00,2026-09-28 04:00:00-04:00,278,12,4,56.375,62.636133679673485,59.01347041130066,2.638470411300659,-3.6226632683728255
2026-09-28 09:00:00+00:00,2026-09-28 05:00:00-04:00,279,12,5,56.75,62.8940429644374,58.67409825325012,1.924098253250122,-4.219944711187281
2026-09-28 10:00:00+00:00,2026-09-28 06:00:00-04:00,280,12,6,57.1625,63.17774317767771,58.79320583343506,1.6307058334350586,-4.384537344242652
2026-09-28 11:00:00+00:00,2026-09-28 07:00:00-04:00,281,12,7,57.575,63.46144339091802,61.84387321472168,4.26887321472168,-1.6175701761963381
2026-09-28 12:00:00+00:00,2026-09-28 08:00:00-04:00,282,12,8,57.9875,63.74514360415832,65.27221660614013,7.284716606140137,1.5270730019818117
2026-09-28 13:00:00+00:00,2026-09-28 09:00:00-04:00,283,12,9,60.5,65.47313581207656,67.82056093215942,7.320560932159424,2.3474251200828604
2026-09-28 14:00:00+00:00,2026-09-28 10:00:00-04:00,284,12,10,63.0125,67.2011280199948,69.63772888183594,6.6252288818359375,2.4366008618411428
2026-09-28 15:00:00+00:00,2026-09-28 11:00:00-04:00,285,12,11,65.525,68.92912022791305,71.2331527709961,5.708152770996094,2.3040325430830535
2026-09-28 16:00:00+00:00,2026-09-28 12:00:00-04:00,286,12,12,67.1,70.01233922392147,72.59043369293212,5.490433692932129,2.578094469010651
2026-09-28 17:00:00+00:00,2026-09-28 13:00:00-04:00,287,12,13,68.675,71.09555821992993,72.03985385894775,3.364853858947754,0.9442956390178239
2026-09-28 18:00:00+00:00,2026-09-28 14:00:00-04:00,288,12,14,70.25,72.17877721593838,72.89323782920837,2.643237829208374,0.714460613269992
2026-09-28 19:00:00+00:00,2026-09-28 15:00:00-04:00,289,12,15,69.575,71.71454050336334,72.66397304534912,3.088973045349121,0.9494325419857859
2026-09-28 20:00:00+00:00,2026-09-28 16:00:00-04:00,290,12,16,68.9,71.25030379078828,71.80296602249146,2.902966022491455,0.5526622317031809
2026-09-28 21:00:00+00:00,2026-09-28 17:00:00-04:00,291,12,17,68.225,70.78606707821322,69.33496961593627,1.1099696159362793,-1.4510974622769481
2026-09-28 22:00:00+00:00,2026-09-28 18:00:00-04:00,292,12,18,67.175,70.06392108087427,69.77291564941406,2.5979156494140625,-0.2910054314602064
2026-09-28 23:00:00+00:00,2026-09-28 19:00:00-04:00,293,12,19,66.125,69.3417750835353,66.4326560497284,0.30765604972839355,-2.9091190338069026
2026-09-29 00:00:00+00:00,2026-09-28 20:00:00-04:00,294,12,20,65.075,68.61962908619634,65.92701102495194,0.8520110249519348,-2.692618061244403
2026-09-29 01:00:00+00:00,2026-09-28 21:00:00-04:00,295,12,21,64.775,68.41330165838521,65.11909481287003,0.34409481287002563,-3.294206845515177
2026-09-29 02:00:00+00:00,2026-09-28 22:00:00-04:00,296,12,22,64.475,68.20697423057406,64.1144772529602,-0.3605227470397949,-4.092496977613862
2026-09-29 03:00:00+00:00,2026-09-28 23:00:00-04:00,297,12,23,64.175,68.00064680276293,63.86008657813072,-0.31491342186927795,-4.14056022463221
2026-09-29 04:00:00+00:00,2026-09-29 00:00:00-04:00,298,13,0,63.875,67.79431937495181,63.28204548358917,-0.5929545164108276,-4.512273891362639
2026-09-29 05:00:00+00:00,2026-09-29 01:00:00-04:00,299,13,1,63.575,67.58799194714068,62.82343859672547,-0.7515614032745361,-4.764553350415213
2026-09-29 06:00:00+00:00,2026-09-29 02:00:00-04:00,300,13,2,63.275,67.38166451932953,62.02743353843689,-1.2475664615631104,-5.354230980892645
2026-09-29 07:00:00+00:00,2026-09-29 03:00:00-04:00,301,13,3,63.425,67.4848282332351,61.73026745319366,-1.6947325468063354,-5.7545607800414444
2026-09-29 08:00:00+00:00,2026-09-29 04:00:00-04:00,302,13,4,63.575,67.58799194714068,61.53204698562622,-2.0429530143737793,-6.055944961514456
2026-09-29 09:00:00+00:00,2026-09-29 05:00:00-04:00,303,13,5,63.725,67.69115566104624,61.75308964252472,-1.9719103574752808,-5.938066018521518
2026-09-29 10:00:00+00:00,2026-09-29 06:00:00-04:00,304,13,6,63.8,67.74273751799902,61.261792230606076,-2.538207769393921,-6.480945287392942
2026-09-29 11:00:00+00:00,2026-09-29 07:00:00-04:00,305,13,7,63.875,67.79431937495181,64.39060646295547,0.5156064629554749,-3.4037129119963367
2026-09-29 12:00:00+00:00,2026-09-29 08:00:00-04:00,306,13,8,63.95,67.84590123190459,67.48664016723633,3.536640167236328,-0.35926106466826013
2026-09-29 13:00:00+00:00,2026-09-29 09:00:00-04:00,307,13,9,64.85,68.46488351533799,70.19786367416381,5.347863674163818,1.732980158825825
2026-09-29 14:00:00+00:00,2026-09-29 10:00:00-04:00,308,13,10,65.75,69.08386579877138,71.62372875213623,5.8737287521362305,2.539862953364846
2026-09-29 15:00:00+00:00,2026-09-29 11:00:00-04:00,309,13,11,66.65,69.70284808220478,73.55384435653687,6.903844356536865,3.85099627433209
2026-09-29 16:00:00+00:00,2026-09-29 12:00:00-04:00,310,13,12,68.0,70.63132150735488,74.18843078613281,6.1884307861328125,3.5571092787779293
2026-09-29 17:00:00+00:00,2026-09-29 13:00:00-04:00,311,13,13,69.35,71.55979493250497,75.18802700042724,5.838027000427246,3.6282320679222693
2026-09-29 18:00:00+00:00,2026-09-29 14:00:00-04:00,312,13,14,70.7,72.48826835765507,75.32099266052246,4.620992660522461,2.8327243028673905
2026-09-29 19:00:00+00:00,2026-09-29 15:00:00-04:00,313,13,15,71.975,73.36515992585238,74.85302791595458,2.87802791595459,1.4878679901022025
2026-09-29 20:00:00+00:00,2026-09-29 16:00:00-04:00,314,13,16,73.25,74.2420514940497,75.99513816833496,2.745138168334961,1.7530866742852567
2026-09-29 21:00:00+00:00,2026-09-29 17:00:00-04:00,315,13,17,74.525,75.11894306224703,74.79075133204461,0.26575133204460144,-0.32819173020241976
2026-09-29 22:00:00+00:00,2026-09-29 18:00:00-04:00,316,13,18,73.625,74.49996077881362,73.76651991903782,0.1415199190378189,-0.7334408597757971
2026-09-29 23:00:00+00:00,2026-09-29 19:00:00-04:00,317,13,19,72.725,73.88097849538022,70.93037853240966,-1.794621467590332,-2.950599962970557
2026-09-30 00:00:00+00:00,2026-09-29 20:00:00-04:00,318,13,20,71.825,73.26199621194682,69.05495471954346,-2.770045280456543,-4.207041492403363
2026-09-30 01:00:00+00:00,2026-09-29 21:00:00-04:00,319,13,21,71.675,73.15883249804126,68.1301978111267,-3.544802188873291,-5.0286346869145575
2026-09-30 02:00:00+00:00,2026-09-29 22:00:00-04:00,320,13,22,71.525,73.05566878413569,67.43942203521729,-4.085577964782715,-5.6162467489184
2026-09-30 03:00:00+00:00,2026-09-29 23:00:00-04:00,321,13,23,71.375,72.95250507023013,67.16081953048706,-4.2141804695129395,-5.791685539743071
2026-09-30 04:00:00+00:00,2026-09-30 00:00:00-04:00,322,14,0,70.625,72.4366865007023,66.4705023765564,-4.1544976234436035,-5.966184124145897
2026-09-30 05:00:00+00:00,2026-09-30 01:00:00-04:00,323,14,1,69.875,71.92086793117446,65.73916912078857,-4.135830879211426,-6.181698810385882
2026-09-30 06:00:00+00:00,2026-09-30 02:00:00-04:00,324,14,2,69.125,71.40504936164663,66.91444110870361,-2.2105588912963867,-4.490608252943019
2026-09-30 07:00:00+00:00,2026-09-30 03:00:00-04:00,325,14,3,69.35,71.55979493250497,68.30621275901794,-1.0437872409820557,-3.2535821734870325
2026-09-30 08:00:00+00:00,2026-09-30 04:00:00-04:00,326,14,4,69.575,71.71454050336334,67.22877235412598,-2.3462276458740234,-4.485768149237359
2026-09-30 09:00:00+00:00,2026-09-30 05:00:00-04:00,327,14,5,69.8,71.86928607422168,67.06063418388366,-2.739365816116333,-4.808651890338012
2026-09-30 10:00:00+00:00,2026-09-30 06:00:00-04:00,328,14,6,70.025,72.02403164508003,66.77081408500672,-3.254185914993286,-5.25321756007331
2026-09-30 11:00:00+00:00,2026-09-30 07:00:00-04:00,329,14,7,70.25,72.17877721593838,69.08054685592651,-1.1694531440734863,-3.0982303600118684
2026-09-30 12:00:00+00:00,2026-09-30 08:00:00-04:00,330,14,8,70.475,72.33352278679672,69.1454579591751,-1.3295420408248901,-3.1880648276216164
2026-09-30 13:00:00+00:00,2026-09-30 09:00:00-04:00,331,14,9,72.5,73.72623292452188,71.49254107475281,-1.0074589252471924,-2.233691849769073
2026-09-30 14:00:00+00:00,2026-09-30 10:00:00-04:00,332,14,10,74.525,75.11894306224703,73.35348954200745,-1.1715104579925537,-1.765453520239575
2026-09-30 15:00:00+00:00,2026-09-30 11:00:00-04:00,333,14,11,76.55,76.51165319997217,73.69212274551391,-2.857877254486084,-2.81953045445826
2026-09-30 16:00:00+00:00,2026-09-30 12:00:00-04:00,334,14,12,76.1,76.20216205825547,76.4953688442707,0.3953688442707062,0.293206786015233
2026-09-30 17:00:00+00:00,2026-09-30 13:00:00-04:00,335,14,13,75.65,75.89267091653878,77.77204504013062,2.1220450401306152,1.8793741235918446
2026-09-30 18:00:00+00:00,2026-09-30 14:00:00-04:00,336,14,14,75.2,75.58317977482207,77.38893814086914,2.1889381408691406,1.8057583660470726
2026-09-30 19:00:00+00:00,2026-09-30 15:00:00-04:00,337,14,15,73.775,74.60312449271919,76.15843930244446,2.383439302444458,1.5553148097252745
2026-09-30 20:00:00+00:00,2026-09-30 16:00:00-04:00,338,14,16,72.35,73.62306921061631,77.11632118225097,4.766321182250977,3.4932519716346633
2026-09-30 21:00:00+00:00,2026-09-30 17:00:00-04:00,339,14,17,70.925,72.64301392851343,75.42335443496704,4.498354434967041,2.780340506453612
2026-09-30 22:00:00+00:00,2026-09-30 18:00:00-04:00,340,14,18,70.475,72.33352278679672,75.03280124664306,4.557801246643066,2.69927845984634
2026-09-30 23:00:00+00:00,2026-09-30 19:00:00-04:00,341,14,19,70.025,72.02403164508003,72.17373003959656,2.1487300395965576,0.149698394516534
2026-10-01 00:00:00+00:00,2026-09-30 20:00:00-04:00,342,14,20,69.575,71.71454050336334,70.34359503984452,0.7685950398445129,-1.3709454635188223
2026-10-01 01:00:00+00:00,2026-09-30 21:00:00-04:00,343,14,21,68.975,71.30188564774106,68.6386796593666,-0.33632034063339233,-2.6632059883744574
2026-10-01 02:00:00+00:00,2026-09-30 22:00:00-04:00,344,14,22,68.375,70.8892307921188,67.00067257881165,-1.3743274211883545,-3.8885582133071495
2026-10-01 03:00:00+00:00,2026-09-30 23:00:00-04:00,345,14,23,67.775,70.47657593649653,66.08721508979798,-1.6877849102020264,-4.389360846698551
