feature,gain,gain_fraction
gfs_temp_f,3829.427490234375,0.16937915557155994
gfs_temp_minus_recent_actual_f,2878.1064453125,0.1273013369740705
hour_cos,2426.773681640625,0.1073384671750025
gfs_dewpoint_depression_f,2109.472412109375,0.09330393558195288
gfs_precip_rate_mm_hr,1221.698486328125,0.05403686543354445
target_day,1025.236572265625,0.04534717142817709
forecast_hour,1020.5164184570312,0.04513839461537509
gfs_relative_humidity_pct,913.4862060546875,0.0404043483268412
recent_24h_mean_f,794.8497924804688,0.03515694891727315
hour_sin,788.3057861328125,0.034867501402717105
recent_actual_temp_f,758.7387084960938,0.033559721935525866
gfs_v10_mps,738.9580688476562,0.03268480576362765
doy_sin,664.4072265625,0.02938735235953265
gfs_total_cloud_cover_pct,660.0548706054688,0.029194843589323848
recent_24h_change_f,647.2734985351562,0.02862951156153738
doy_cos,632.2423095703125,0.027964668030593286
recent_24h_range_f,595.9441528320312,0.02635916664616626
gfs_u10_mps,555.843994140625,0.024585499163296585
gfs_mslp_hpa,347.2751770019531,0.015360305523882569
