gfs_init_utc,forecast_hour,valid_time_utc,valid_time_local,gfs_temp_c,gfs_temp_f,gfs_relative_humidity_pct,gfs_dewpoint_c_derived,gfs_dewpoint_f_derived,gfs_u10_mps,gfs_v10_mps,gfs_wind_speed_mps,gfs_wind_speed_mph,gfs_wind_direction_deg,gfs_mslp_pa,gfs_mslp_hpa,gfs_total_cloud_cover_pct,gfs_precip_rate_kg_m2_s,gfs_precip_rate_mm_hr,gfs_grid_lat,gfs_grid_lon,gfs_grid_lat_index,gfs_grid_lon_index,data_product_id,data_product_version,snapshot_id,query_id
2026-09-16T18:00:00Z,10,2026-09-17T04:00:00Z,2026-09-17T00:00:00-04:00,20.75,69.35,56.5,11.790468147511424,53.22284266552056,-0.024658203125,1.359375,1.3595986237144968,3.041335504014172,178.96080474888328,102592.0,1025.92,1.203125,0.0,0.0,36.0,-78.75,216,405,noaa-gfs-forecast,0.2.7,3A7HWV727T9WW44DRYQG,future_b1_20260916T18Z
2026-09-16T18:00:00Z,11,2026-09-17T05:00:00Z,2026-09-17T01:00:00-04:00,20.5,68.9,57.25,11.756858610598325,53.162345499076984,-0.09765625,1.453125,1.4564027632454775,3.25788019695212,176.1552583821012,102528.0,1025.28,1.0,0.0,0.0,36.0,-78.75,216,405,noaa-gfs-forecast,0.2.7,3A7HWV727T9WW44DRYQG,future_b1_20260916T18Z
2026-09-16T18:00:00Z,12,2026-09-17T06:00:00Z,2026-09-17T02:00:00-04:00,19.625,67.325,59.5,11.520686771951862,52.737236189513354,-0.31640625,1.6875,1.7169068597448909,3.8406112646404997,169.38034472384487,102528.0,1025.28,0.80078125,0.0,0.0,36.0,-78.75,216,405,noaa-gfs-forecast,0.2.7,3A7HWV727T9WW44DRYQG,future_b1_20260916T18Z
2026-09-16T18:00:00Z,13,2026-09-17T07:00:00Z,2026-09-17T03:00:00-04:00,19.25,66.65,60.75,11.482491191014425,52.668484143825964,0.6171875,1.359375,1.4929235749968082,3.3395749261739587,204.4191406721745,102464.0,1024.64,5.0,0.0,0.0,36.0,-78.75,216,405,noaa-gfs-forecast,0.2.7,3A7HWV727T9WW44DRYQG,future_b1_20260916T18Z
2026-09-16T18:00:00Z,14,2026-09-17T08:00:00Z,2026-09-17T04:00:00-04:00,18.75,65.75,62.5,11.440267323683265,52.592481182629875,0.9609375,0.96875,1.3645062995113837,3.052313662113865,224.7680345487018,102464.0,1024.64,8.6875,0.0,0.0,36.0,-78.75,216,405,noaa-gfs-forecast,0.2.7,3A7HWV727T9WW44DRYQG,future_b1_20260916T18Z
2026-09-16T18:00:00Z,15,2026-09-17T09:00:00Z,2026-09-17T05:00:00-04:00,18.375,65.075,65.5,11.794698664429697,53.230457595973455,0.78125,1.078125,1.3314297120482927,2.9783234432003654,215.92850242282282,102464.0,1024.64,8.0,0.0,0.0,36.0,-78.75,216,405,noaa-gfs-forecast,0.2.7,3A7HWV727T9WW44DRYQG,future_b1_20260916T18Z
2026-09-16T18:00:00Z,16,2026-09-17T10:00:00Z,2026-09-17T06:00:00-04:00,18.0,64.4,68.5,12.117172243081102,53.81091003754598,0.671875,1.234375,1.4053816763605536,3.1437492760391734,208.55962047831983,102528.0,1025.28,7.3125,0.0,0.0,36.0,-78.75,216,405,noaa-gfs-forecast,0.2.7,3A7HWV727T9WW44DRYQG,future_b1_20260916T18Z
2026-09-16T18:00:00Z,17,2026-09-17T11:00:00Z,2026-09-17T07:00:00-04:00,17.875,64.175,71.0,12.543213161977445,54.577783691559404,1.03125,0.53125,1.1600444495794116,2.594945529660456,242.74467162505692,102528.0,1025.28,7.0,0.0,0.0,36.0,-78.75,216,405,noaa-gfs-forecast,0.2.7,3A7HWV727T9WW44DRYQG,future_b1_20260916T18Z
2026-09-16T18:00:00Z,18,2026-09-17T12:00:00Z,2026-09-17T08:00:00-04:00,19.75,67.55,69.0,13.900971156884408,57.02174808239194,0.3046875,1.015625,1.0603436298112277,2.3719211475734308,196.69924423399362,102592.0,1025.92,6.6875,0.0,0.0,36.0,-78.75,216,405,noaa-gfs-forecast,0.2.7,3A7HWV727T9WW44DRYQG,future_b1_20260916T18Z
2026-09-16T18:00:00Z,19,2026-09-17T13:00:00Z,2026-09-17T09:00:00-04:00,22.625,72.725,57.0,13.675321168401384,56.61557810312249,0.328125,1.328125,1.3680577587404708,3.0602580501531613,193.877529803208,102592.0,1025.92,0.0,0.0,0.0,36.0,-78.75,216,405,noaa-gfs-forecast,0.2.7,3A7HWV727T9WW44DRYQG,future_b1_20260916T18Z
2026-09-16T18:00:00Z,20,2026-09-17T14:00:00Z,2026-09-17T10:00:00-04:00,25.5,77.9,48.5,13.84677219504603,56.92418995108285,0.578125,1.546875,1.6513784488269188,3.694028384097434,200.49259476987027,102592.0,1025.92,0.0,0.0,0.0,36.0,-78.75,216,405,noaa-gfs-forecast,0.2.7,3A7HWV727T9WW44DRYQG,future_b1_20260916T18Z
2026-09-16T18:00:00Z,21,2026-09-17T15:00:00Z,2026-09-17T11:00:00-04:00,27.875,82.175,42.25,13.875731756046095,56.97631716088297,0.6171875,1.8125,1.9147001488891806,4.283062251452171,198.80459388476902,102528.0,1025.28,0.0,0.0,0.0,36.0,-78.75,216,405,noaa-gfs-forecast,0.2.7,3A7HWV727T9WW44DRYQG,future_b1_20260916T18Z
2026-09-16T18:00:00Z,22,2026-09-17T16:00:00Z,2026-09-17T12:00:00-04:00,30.0,86.0,37.25,13.83112486564928,56.89602475816871,1.09375,1.609375,1.945861493818355,4.352768194833466,214.20048413026853,102464.0,1024.64,0.0,0.0,0.0,36.0,-78.75,216,405,noaa-gfs-forecast,0.2.7,3A7HWV727T9WW44DRYQG,future_b1_20260916T18Z
2026-09-16T18:00:00Z,23,2026-09-17T17:00:00Z,2026-09-17T13:00:00-04:00,31.75,89.15,33.5,13.735742562740713,56.724336612933286,1.3125,1.25,1.8125,4.0544470293486,226.39718102729637,102336.0,1023.36,0.0,0.0,0.0,36.0,-78.75,216,405,noaa-gfs-forecast,0.2.7,3A7HWV727T9WW44DRYQG,future_b1_20260916T18Z
2026-09-16T18:00:00Z,24,2026-09-17T18:00:00Z,2026-09-17T14:00:00-04:00,32.75,90.95,31.375,13.597122041523996,56.47481967474319,1.140625,1.234375,1.680686476190607,3.7595885741557917,222.73949808885874,102272.0,1022.72,0.0,0.0,0.0,36.0,-78.75,216,405,noaa-gfs-forecast,0.2.7,3A7HWV727T9WW44DRYQG,future_b1_20260916T18Z
2026-09-16T18:00:00Z,25,2026-09-17T19:00:00Z,2026-09-17T15:00:00-04:00,33.5,92.3,30.5,13.8100890347288,56.858160262511845,1.0625,1.125,1.5474273003924934,3.461496287563734,223.3634229583833,102144.0,1021.44,0.0,0.0,0.0,36.0,-78.75,216,405,noaa-gfs-forecast,0.2.7,3A7HWV727T9WW44DRYQG,future_b1_20260916T18Z
2026-09-16T18:00:00Z,26,2026-09-17T20:00:00Z,2026-09-17T16:00:00-04:00,33.75,92.75,30.75,14.151739204232122,57.473130567617815,1.15625,0.859375,1.440638557419938,3.2226166728255556,233.37867250621557,102080.0,1020.8,0.0,0.0,0.0,36.0,-78.75,216,405,noaa-gfs-forecast,0.2.7,3A7HWV727T9WW44DRYQG,future_b1_20260916T18Z
2026-09-16T18:00:00Z,27,2026-09-17T21:00:00Z,2026-09-17T17:00:00-04:00,33.25,91.85,31.875,14.274181720282746,57.693527096508944,1.0,0.8125,1.288470508005519,2.8822264405993145,230.9061411137705,102016.0,1020.16,1.5,0.0,0.0,36.0,-78.75,216,405,noaa-gfs-forecast,0.2.7,3A7HWV727T9WW44DRYQG,future_b1_20260916T18Z
2026-09-16T18:00:00Z,28,2026-09-17T22:00:00Z,2026-09-17T18:00:00-04:00,32.0,89.6,40.0,16.71763418820977,62.09174153877759,0.5859375,1.375,1.494639673602387,3.343413729425522,203.0806172153438,101952.0,1019.52,2.703125,0.0,0.0,36.0,-78.75,216,405,noaa-gfs-forecast,0.2.7,3A7HWV727T9WW44DRYQG,future_b1_20260916T18Z
2026-09-16T18:00:00Z,29,2026-09-17T23:00:00Z,2026-09-17T19:00:00-04:00,28.375,83.075,46.75,15.89993175307221,60.61987715552998,0.984375,1.828125,2.076303242845322,4.644558077230941,208.30075576600638,102016.0,1020.16,4.6875,0.0,0.0,36.0,-78.75,216,405,noaa-gfs-forecast,0.2.7,3A7HWV727T9WW44DRYQG,future_b1_20260916T18Z
2026-09-16T18:00:00Z,30,2026-09-18T00:00:00Z,2026-09-17T20:00:00-04:00,28.0,82.4,45.0,14.964351436371565,58.935832585468816,0.8046875,2.28125,2.4190129257935458,5.411177804656279,199.4297704464313,102016.0,1020.16,20.625,0.0,0.0,36.0,-78.75,216,405,noaa-gfs-forecast,0.2.7,3A7HWV727T9WW44DRYQG,future_b1_20260916T18Z
2026-09-16T18:00:00Z,31,2026-09-18T01:00:00Z,2026-09-17T21:00:00-04:00,27.375,81.275,46.5,14.90627788299721,58.83130018939498,0.6875,2.25,2.352691278089839,5.262820503959011,196.99082329198615,102080.0,1020.8,100.0,0.0,0.0,36.0,-78.75,216,405,noaa-gfs-forecast,0.2.7,3A7HWV727T9WW44DRYQG,future_b1_20260916T18Z
2026-09-16T18:00:00Z,32,2026-09-18T02:00:00Z,2026-09-17T22:00:00-04:00,26.875,80.375,47.75,14.862525637978553,58.7525461483614,1.609375,2.09375,2.6408099047688003,5.907323516394053,217.54792255659532,102080.0,1020.8,100.0,0.0,0.0,36.0,-78.75,216,405,noaa-gfs-forecast,0.2.7,3A7HWV727T9WW44DRYQG,future_b1_20260916T18Z
2026-09-16T18:00:00Z,33,2026-09-18T03:00:00Z,2026-09-17T23:00:00-04:00,25.75,78.35,52.0,15.155421633411517,59.27975894014073,1.46875,1.828125,2.345051721844318,5.245731303338214,218.77905007884038,102080.0,1020.8,100.0,0.0,0.0,36.0,-78.75,216,405,noaa-gfs-forecast,0.2.7,3A7HWV727T9WW44DRYQG,future_b1_20260916T18Z
2026-09-16T18:00:00Z,34,2026-09-18T04:00:00Z,2026-09-18T00:00:00-04:00,24.875,76.775,55.25,15.288966271356706,59.520139288442074,1.4375,1.421875,2.021913639507138,4.5228919996133135,225.31308857502066,102016.0,1020.16,98.5,1.7404556274414062e-05,0.06265640258789062,36.0,-78.75,216,405,noaa-gfs-forecast,0.2.7,3A7HWV727T9WW44DRYQG,future_b1_20260916T18Z
2026-09-16T18:00:00Z,35,2026-09-18T05:00:00Z,2026-09-18T01:00:00-04:00,23.25,73.85,62.0,15.56497518439286,60.01695533190715,1.609375,1.1875,2.000061034224956,4.474009113781661,233.5777165250165,102016.0,1020.16,90.0,0.0,0.0,36.0,-78.75,216,405,noaa-gfs-forecast,0.2.7,3A7HWV727T9WW44DRYQG,future_b1_20260916T18Z
2026-09-16T18:00:00Z,36,2026-09-18T06:00:00Z,2026-09-18T02:00:00-04:00,23.0,73.4,64.5,15.946705139234439,60.70406925062199,1.875,0.9140625,2.0859375,4.666109296707225,244.010766416167,101952.0,1019.52,80.0,0.0,0.0,36.0,-78.75,216,405,noaa-gfs-forecast,0.2.7,3A7HWV727T9WW44DRYQG,future_b1_20260916T18Z
2026-09-16T18:00:00Z,37,2026-09-18T07:00:00Z,2026-09-18T03:00:00-04:00,24.0,75.2,63.75,16.70993595831759,62.07788472497167,1.75,0.75,1.9039432764659772,4.258999813139708,246.80140948635182,101952.0,1019.52,100.0,0.0,0.0,36.0,-78.75,216,405,noaa-gfs-forecast,0.2.7,3A7HWV727T9WW44DRYQG,future_b1_20260916T18Z
2026-09-16T18:00:00Z,38,2026-09-18T08:00:00Z,2026-09-18T04:00:00-04:00,24.0,75.2,65.5,17.137185703080895,62.84693426554561,1.5625,1.171875,1.953125,4.36901619541875,233.13010235415598,101888.0,1018.88,98.0,0.0,0.0,36.0,-78.75,216,405,noaa-gfs-forecast,0.2.7,3A7HWV727T9WW44DRYQG,future_b1_20260916T18Z
2026-09-16T18:00:00Z,39,2026-09-18T09:00:00Z,2026-09-18T05:00:00-04:00,22.625,72.725,71.0,17.09936962064456,62.778865317160204,1.390625,1.1875,1.8286591100106657,4.090593928978757,229.504906863607,101888.0,1018.88,72.5,0.0,0.0,36.0,-78.75,216,405,noaa-gfs-forecast,0.2.7,3A7HWV727T9WW44DRYQG,future_b1_20260916T18Z
2026-09-16T18:00:00Z,40,2026-09-18T10:00:00Z,2026-09-18T06:00:00-04:00,21.25,70.25,85.0,18.626231692939278,65.5272170472907,1.1875,1.078125,1.603904537566061,3.5878322690722513,227.76385737091255,101888.0,1018.88,62.5,8.678436279296875e-05,0.3124237060546875,36.0,-78.75,216,405,noaa-gfs-forecast,0.2.7,3A7HWV727T9WW44DRYQG,future_b1_20260916T18Z
2026-09-16T18:00:00Z,41,2026-09-18T11:00:00Z,2026-09-18T07:00:00-04:00,21.125,70.025,87.0,18.875621016854286,65.97611783033771,1.46875,0.9765625,1.7637746111411883,3.945451438665861,236.38032037412984,101888.0,1018.88,65.0,5.1975250244140625e-05,0.18711090087890625,36.0,-78.75,216,405,noaa-gfs-forecast,0.2.7,3A7HWV727T9WW44DRYQG,future_b1_20260916T18Z
2026-09-16T18:00:00Z,42,2026-09-18T12:00:00Z,2026-09-18T08:00:00-04:00,22.25,72.05,86.0,19.794927441317977,67.63086939437235,1.34375,0.8515625,1.590855981510033,3.558643480471616,237.6367092379243,101952.0,1019.52,58.75,0.0,0.0,36.0,-78.75,216,405,noaa-gfs-forecast,0.2.7,3A7HWV727T9WW44DRYQG,future_b1_20260916T18Z
2026-09-16T18:00:00Z,43,2026-09-18T13:00:00Z,2026-09-18T09:00:00-04:00,24.625,76.325,77.0,20.32381768912535,68.58287184042563,1.328125,0.6796875,1.4919420609665945,3.3373793418186133,242.89823590832012,101952.0,1019.52,13.5,0.0,0.0,36.0,-78.75,216,405,noaa-gfs-forecast,0.2.7,3A7HWV727T9WW44DRYQG,future_b1_20260916T18Z
2026-09-16T18:00:00Z,44,2026-09-18T14:00:00Z,2026-09-18T10:00:00-04:00,27.5,81.5,64.5,20.20934716411622,68.3768248954092,1.03125,0.10546875,1.036629258571531,2.3188736099041023,264.16050768848254,101952.0,1019.52,17.0,0.0,0.0,36.0,-78.75,216,405,noaa-gfs-forecast,0.2.7,3A7HWV727T9WW44DRYQG,future_b1_20260916T18Z
2026-09-16T18:00:00Z,45,2026-09-18T15:00:00Z,2026-09-18T11:00:00-04:00,30.875,87.575,52.25,19.958242626856993,67.92483672834258,0.296875,-0.703125,0.7632296713637383,1.707296151046299,337.10944834375164,101888.0,1018.88,17.75,0.0,0.0,36.0,-78.75,216,405,noaa-gfs-forecast,0.2.7,3A7HWV727T9WW44DRYQG,future_b1_20260916T18Z
2026-09-16T18:00:00Z,46,2026-09-18T16:00:00Z,2026-09-18T12:00:00-04:00,32.75,90.95,46.25,19.705640280857914,67.47015250554425,-0.216796875,-1.375,1.3919863092034224,3.113784693099993,8.960088330864323,101888.0,1018.88,18.75,0.0,0.0,36.0,-78.75,216,405,noaa-gfs-forecast,0.2.7,3A7HWV727T9WW44DRYQG,future_b1_20260916T18Z
2026-09-16T18:00:00Z,47,2026-09-18T17:00:00Z,2026-09-18T13:00:00-04:00,34.0,93.2,42.0,19.28227980524484,66.70810364944072,-0.765625,-1.484375,1.6701948333203525,3.7361194374560456,27.28420729362307,101760.0,1017.6,18.125,0.0,0.0,36.0,-78.75,216,405,noaa-gfs-forecast,0.2.7,3A7HWV727T9WW44DRYQG,future_b1_20260916T18Z
2026-09-16T18:00:00Z,48,2026-09-18T18:00:00Z,2026-09-18T14:00:00-04:00,34.75,94.55,39.25,18.86570701408845,65.95827262535921,-0.984375,-1.484375,1.7811129333228706,3.9842361607973977,33.55066201149998,101696.0,1016.96,18.25,0.0,0.0,36.0,-78.75,216,405,noaa-gfs-forecast,0.2.7,3A7HWV727T9WW44DRYQG,future_b1_20260916T18Z
2026-09-16T18:00:00Z,49,2026-09-18T19:00:00Z,2026-09-18T15:00:00-04:00,35.25,95.45,37.25,18.47246187710876,65.25043137879577,-1.125,-1.640625,1.989290172555276,4.449915382416056,34.43898930880363,101632.0,1016.32,15.5,0.0,0.0,36.0,-78.75,216,405,noaa-gfs-forecast,0.2.7,3A7HWV727T9WW44DRYQG,future_b1_20260916T18Z
2026-09-16T18:00:00Z,50,2026-09-18T20:00:00Z,2026-09-18T16:00:00-04:00,35.0,95.0,36.75,18.03647579277808,64.46565642700054,-1.3125,-1.796875,2.225177749220273,4.9775808635027525,36.14569181167815,101568.0,1015.68,32.75,0.0,0.0,36.0,-78.75,216,405,noaa-gfs-forecast,0.2.7,3A7HWV727T9WW44DRYQG,future_b1_20260916T18Z
2026-09-16T18:00:00Z,51,2026-09-18T21:00:00Z,2026-09-18T17:00:00-04:00,33.0,91.4,45.5,19.6688632312837,67.40395381631066,-0.9140625,-2.1875,2.370794487910382,5.303316231009259,22.677959508119784,101568.0,1015.68,54.25,1.7404556274414062e-05,0.06265640258789062,36.0,-78.75,216,405,noaa-gfs-forecast,0.2.7,3A7HWV727T9WW44DRYQG,future_b1_20260916T18Z
2026-09-16T18:00:00Z,52,2026-09-18T22:00:00Z,2026-09-18T18:00:00-04:00,30.0,86.0,55.0,19.97726070566527,67.95906927019749,-2.5625,-3.5,4.3377881748651586,9.70335579560029,36.20945681718604,101568.0,1015.68,65.5,0.0,0.0,36.0,-78.75,216,405,noaa-gfs-forecast,0.2.7,3A7HWV727T9WW44DRYQG,future_b1_20260916T18Z
2026-09-16T18:00:00Z,53,2026-09-18T23:00:00Z,2026-09-18T19:00:00-04:00,27.75,81.95,67.0,21.0638117083625,69.9148610750525,-3.1875,-1.421875,3.490255687714727,7.807479616398361,65.9593804654229,101632.0,1016.32,72.5,0.0,0.0,36.0,-78.75,216,405,noaa-gfs-forecast,0.2.7,3A7HWV727T9WW44DRYQG,future_b1_20260916T18Z
2026-09-16T18:00:00Z,54,2026-09-19T00:00:00Z,2026-09-18T20:00:00-04:00,27.625,81.725,67.0,20.944906998627683,69.70083259752982,-3.59375,-0.19921875,3.5992675883923333,8.051332293289928,86.82706841474976,101632.0,1016.32,77.0,0.0,0.0,36.0,-78.75,216,405,noaa-gfs-forecast,0.2.7,3A7HWV727T9WW44DRYQG,future_b1_20260916T18Z
2026-09-16T18:00:00Z,55,2026-09-19T01:00:00Z,2026-09-18T21:00:00-04:00,27.75,81.95,66.5,20.94189514995364,69.69541126991655,-3.375,-0.42578125,3.4017517065258542,7.609501848885671,82.80969864358701,101696.0,1016.96,100.0,1.7404556274414062e-05,0.06265640258789062,36.0,-78.75,216,405,noaa-gfs-forecast,0.2.7,3A7HWV727T9WW44DRYQG,future_b1_20260916T18Z
2026-09-16T18:00:00Z,56,2026-09-19T02:00:00Z,2026-09-18T22:00:00-04:00,24.125,75.425,89.0,22.197212743957614,71.95498293912371,-2.5625,-0.8046875,2.6858756900974123,6.008132807125558,72.56643936830568,101760.0,1017.6,100.0,0.0004863739013671875,1.750946044921875,36.0,-78.75,216,405,noaa-gfs-forecast,0.2.7,3A7HWV727T9WW44DRYQG,future_b1_20260916T18Z
2026-09-16T18:00:00Z,57,2026-09-19T03:00:00Z,2026-09-18T23:00:00-04:00,23.875,74.975,90.0,22.134094964740743,71.84137093653334,-3.09375,0.6015625,3.1516926410908552,7.050135650256916,101.0035408517495,101760.0,1017.6,100.0,0.000591278076171875,2.12860107421875,36.0,-78.75,216,405,noaa-gfs-forecast,0.2.7,3A7HWV727T9WW44DRYQG,future_b1_20260916T18Z
2026-09-16T18:00:00Z,58,2026-09-19T04:00:00Z,2026-09-19T00:00:00-04:00,23.375,74.075,91.5,21.911194854327277,71.4401507377891,-2.8125,0.6484375,2.8862826336667466,6.456430372375499,102.98299257225187,101760.0,1017.6,90.5,0.0005035400390625,1.812744140625,36.0,-78.75,216,405,noaa-gfs-forecast,0.2.7,3A7HWV727T9WW44DRYQG,future_b1_20260916T18Z
2026-09-16T18:00:00Z,59,2026-09-19T05:00:00Z,2026-09-19T01:00:00-04:00,22.75,72.95,94.0,21.733460515638413,71.12022892814915,-2.84375,0.029052734375,2.8438984025233154,6.361619547519936,90.58533315275898,101824.0,1018.24,83.0,0.0003643035888671875,1.311492919921875,36.0,-78.75,216,405,noaa-gfs-forecast,0.2.7,3A7HWV727T9WW44DRYQG,future_b1_20260916T18Z
2026-09-16T18:00:00Z,60,2026-09-19T06:00:00Z,2026-09-19T02:00:00-04:00,22.5,72.5,94.5,21.572056414994233,70.82970154698961,-2.4375,-0.142578125,2.441666392390352,5.461852166227517,86.65237866402276,101760.0,1017.6,80.0,1.7404556274414062e-05,0.06265640258789062,36.0,-78.75,216,405,noaa-gfs-forecast,0.2.7,3A7HWV727T9WW44DRYQG,future_b1_20260916T18Z
2026-09-16T18:00:00Z,61,2026-09-19T07:00:00Z,2026-09-19T03:00:00-04:00,22.375,72.275,95.5,21.61994382706433,70.91589888871579,-1.90625,-1.046875,2.174795698019701,4.864879424704051,61.225275361178205,101760.0,1017.6,45.25,0.0,0.0,36.0,-78.75,216,405,noaa-gfs-forecast,0.2.7,3A7HWV727T9WW44DRYQG,future_b1_20260916T18Z
2026-09-16T18:00:00Z,62,2026-09-19T08:00:00Z,2026-09-19T04:00:00-04:00,22.25,72.05,96.0,21.580990156575176,70.84578228183531,-2.3125,-1.53125,2.7735145235783425,6.204175294332362,56.48898120215921,101760.0,1017.6,39.0,5.1975250244140625e-05,0.18711090087890625,36.0,-78.75,216,405,noaa-gfs-forecast,0.2.7,3A7HWV727T9WW44DRYQG,future_b1_20260916T18Z
2026-09-16T18:00:00Z,63,2026-09-19T09:00:00Z,2026-09-19T05:00:00-04:00,22.0,71.6,96.0,21.332248878442574,70.39804798119664,-2.40625,-1.265625,2.7187948990545423,6.081770980347484,62.256795527993745,101760.0,1017.6,34.5,3.4809112548828125e-05,0.12531280517578125,36.0,-78.75,216,405,noaa-gfs-forecast,0.2.7,3A7HWV727T9WW44DRYQG,future_b1_20260916T18Z
2026-09-16T18:00:00Z,64,2026-09-19T10:00:00Z,2026-09-19T06:00:00-04:00,21.375,70.475,97.0,20.878787029351866,69.58181665283335,-1.8125,-1.265625,2.210647617922178,4.9450778854737285,55.07433273010281,101760.0,1017.6,29.0,1.7404556274414062e-05,0.06265640258789062,36.0,-78.75,216,405,noaa-gfs-forecast,0.2.7,3A7HWV727T9WW44DRYQG,future_b1_20260916T18Z
2026-09-16T18:00:00Z,65,2026-09-19T11:00:00Z,2026-09-19T07:00:00-04:00,21.25,70.25,97.5,20.837804910948233,69.50804883970682,-1.734375,-1.515625,2.3032967201926025,5.152328024768701,48.85063882391074,101760.0,1017.6,32.5,0.0,0.0,36.0,-78.75,216,405,noaa-gfs-forecast,0.2.7,3A7HWV727T9WW44DRYQG,future_b1_20260916T18Z
2026-09-16T18:00:00Z,66,2026-09-19T12:00:00Z,2026-09-19T08:00:00-04:00,21.875,71.375,95.5,21.1227819296942,70.02100747344956,-1.875,-1.703125,2.5330337079527783,5.666235030316695,47.75008517491244,101824.0,1018.24,35.0,0.0,0.0,36.0,-78.75,216,405,noaa-gfs-forecast,0.2.7,3A7HWV727T9WW44DRYQG,future_b1_20260916T18Z
2026-09-16T18:00:00Z,67,2026-09-19T13:00:00Z,2026-09-19T09:00:00-04:00,23.125,73.625,90.0,21.393832972454614,70.5088993504183,-2.875,-1.5,3.2427804427682116,7.253893259592449,62.44718842328223,101888.0,1018.88,70.5,0.0,0.0,36.0,-78.75,216,405,noaa-gfs-forecast,0.2.7,3A7HWV727T9WW44DRYQG,future_b1_20260916T18Z
2026-09-16T18:00:00Z,68,2026-09-19T14:00:00Z,2026-09-19T10:00:00-04:00,23.875,74.975,85.5,21.294752741487045,70.33055493467668,-3.25,-1.71875,3.6764931065486848,8.224080857526577,62.128047473596666,101952.0,1019.52,83.5,1.7404556274414062e-05,0.06265640258789062,36.0,-78.75,216,405,noaa-gfs-forecast,0.2.7,3A7HWV727T9WW44DRYQG,future_b1_20260916T18Z
2026-09-16T18:00:00Z,69,2026-09-19T15:00:00Z,2026-09-19T11:00:00-04:00,24.375,75.875,80.5,20.802199837627747,69.44395970772995,-3.3125,-1.5,3.636297051947214,8.134164844191146,65.63754698468779,101952.0,1019.52,89.0,0.0,0.0,36.0,-78.75,216,405,noaa-gfs-forecast,0.2.7,3A7HWV727T9WW44DRYQG,future_b1_20260916T18Z
2026-09-16T18:00:00Z,70,2026-09-19T16:00:00Z,2026-09-19T12:00:00-04:00,25.375,77.675,72.5,20.073042983431897,68.13147737017741,-3.125,-0.9296875,3.260359466018471,7.293216414679822,73.43225835702509,101952.0,1019.52,91.5,1.7404556274414062e-05,0.06265640258789062,36.0,-78.75,216,405,noaa-gfs-forecast,0.2.7,3A7HWV727T9WW44DRYQG,future_b1_20260916T18Z
2026-09-16T18:00:00Z,71,2026-09-19T17:00:00Z,2026-09-19T13:00:00-04:00,25.75,78.35,70.0,19.865911737831773,67.7586411280972,-2.84375,-0.3125,2.8608688037902055,6.399581254004569,83.72892255049885,101888.0,1018.88,93.0,1.7404556274414062e-05,0.06265640258789062,36.0,-78.75,216,405,noaa-gfs-forecast,0.2.7,3A7HWV727T9WW44DRYQG,future_b1_20260916T18Z
2026-09-16T18:00:00Z,72,2026-09-19T18:00:00Z,2026-09-19T14:00:00-04:00,25.875,78.575,70.5,20.100499343323932,68.18089881798308,-2.0625,-0.671875,2.169175480597409,4.852307356382889,71.95658799466872,101888.0,1018.88,93.5,1.7404556274414062e-05,0.06265640258789062,36.0,-78.75,216,405,noaa-gfs-forecast,0.2.7,3A7HWV727T9WW44DRYQG,future_b1_20260916T18Z
2026-09-16T18:00:00Z,73,2026-09-19T19:00:00Z,2026-09-19T15:00:00-04:00,24.875,76.775,76.0,20.353959706904366,68.63712747242786,-1.109375,-1.546875,1.9035585507806163,4.258139206291639,35.647020749906744,101824.0,1018.24,100.0,3.4809112548828125e-05,0.12531280517578125,36.0,-78.75,216,405,noaa-gfs-forecast,0.2.7,3A7HWV727T9WW44DRYQG,future_b1_20260916T18Z
2026-09-16T18:00:00Z,74,2026-09-19T20:00:00Z,2026-09-19T16:00:00-04:00,23.875,74.975,81.0,20.415752250167454,68.74835405030142,-1.234375,-1.59375,2.0158672335064627,4.5093665745939076,37.75813314108382,101824.0,1018.24,100.0,3.4809112548828125e-05,0.12531280517578125,36.0,-78.75,216,405,noaa-gfs-forecast,0.2.7,3A7HWV727T9WW44DRYQG,future_b1_20260916T18Z
2026-09-16T18:00:00Z,75,2026-09-19T21:00:00Z,2026-09-19T17:00:00-04:00,24.25,75.65,79.0,20.375480467425184,68.67586484136532,-1.734375,-0.578125,1.8281917722848442,4.089548524259221,71.56505117707798,101760.0,1017.6,100.0,0.0,0.0,36.0,-78.75,216,405,noaa-gfs-forecast,0.2.7,3A7HWV727T9WW44DRYQG,future_b1_20260916T18Z
2026-09-16T18:00:00Z,76,2026-09-19T22:00:00Z,2026-09-19T18:00:00-04:00,25.25,77.45,74.0,20.284006366458804,68.51121145962586,-2.03125,0.166015625,2.0380230004207855,4.5589276136828545,94.67244275538945,101760.0,1017.6,100.0,0.0,0.0,36.0,-78.75,216,405,noaa-gfs-forecast,0.2.7,3A7HWV727T9WW44DRYQG,future_b1_20260916T18Z
2026-09-16T18:00:00Z,77,2026-09-19T23:00:00Z,2026-09-19T19:00:00-04:00,24.25,75.65,76.5,19.855610439225654,67.74009879060617,-1.78125,0.265625,1.800946474253191,4.028602528304378,98.48160579402935,101824.0,1018.24,97.0,0.0,0.0,36.0,-78.75,216,405,noaa-gfs-forecast,0.2.7,3A7HWV727T9WW44DRYQG,future_b1_20260916T18Z
2026-09-16T18:00:00Z,78,2026-09-20T00:00:00Z,2026-09-19T20:00:00-04:00,22.625,72.725,80.5,19.09850027446498,66.37730049403696,-1.46875,0.37109375,1.5149049916707855,3.3887459548827485,104.17957219837794,101824.0,1018.24,89.0,0.0,0.0,36.0,-78.75,216,405,noaa-gfs-forecast,0.2.7,3A7HWV727T9WW44DRYQG,future_b1_20260916T18Z
2026-09-16T18:00:00Z,79,2026-09-20T01:00:00Z,2026-09-19T21:00:00-04:00,22.875,73.175,77.0,18.629430246955827,65.53297444452049,-1.65625,0.9765625,1.9227164062612692,4.300994108494244,120.52456403693859,101888.0,1018.88,81.0,0.0,0.0,36.0,-78.75,216,405,noaa-gfs-forecast,0.2.7,3A7HWV727T9WW44DRYQG,future_b1_20260916T18Z
2026-09-16T18:00:00Z,80,2026-09-20T02:00:00Z,2026-09-19T22:00:00-04:00,23.0,73.4,73.5,18.00829244339727,64.41492639811509,-1.890625,0.8671875,2.0800185217399507,4.65286891942544,114.63986746875483,101888.0,1018.88,90.5,0.0,0.0,36.0,-78.75,216,405,noaa-gfs-forecast,0.2.7,3A7HWV727T9WW44DRYQG,future_b1_20260916T18Z
2026-09-16T18:00:00Z,81,2026-09-20T03:00:00Z,2026-09-19T23:00:00-04:00,23.125,73.625,73.5,18.12864463954718,64.63156035118493,-2.4375,1.296875,2.7610307886050456,6.176249974510206,118.01526746801142,101888.0,1018.88,93.5,0.0,0.0,36.0,-78.75,216,405,noaa-gfs-forecast,0.2.7,3A7HWV727T9WW44DRYQG,future_b1_20260916T18Z
2026-09-16T18:00:00Z,82,2026-09-20T04:00:00Z,2026-09-20T00:00:00-04:00,23.125,73.625,76.0,18.66233708163893,65.59220674695007,-2.15625,1.875,2.857453247649032,6.391940872514828,131.0090869015702,101824.0,1018.24,95.5,0.0,0.0,36.0,-78.75,216,405,noaa-gfs-forecast,0.2.7,3A7HWV727T9WW44DRYQG,future_b1_20260916T18Z
2026-09-16T18:00:00Z,83,2026-09-20T05:00:00Z,2026-09-20T01:00:00-04:00,22.75,72.95,78.0,18.71461514675904,65.68630726416627,-1.890625,1.8125,2.6190874633400467,5.858731798810048,133.79140756797315,101824.0,1018.24,96.0,0.0,0.0,36.0,-78.75,216,405,noaa-gfs-forecast,0.2.7,3A7HWV727T9WW44DRYQG,future_b1_20260916T18Z
2026-09-16T18:00:00Z,84,2026-09-20T06:00:00Z,2026-09-20T02:00:00-04:00,21.625,70.925,85.0,18.993817765840365,66.18887197851265,-1.5625,1.390625,2.091708426292967,4.679018491170733,131.66908261954995,101824.0,1018.24,92.0,0.0,0.0,36.0,-78.75,216,405,noaa-gfs-forecast,0.2.7,3A7HWV727T9WW44DRYQG,future_b1_20260916T18Z
2026-09-16T18:00:00Z,85,2026-09-20T07:00:00Z,2026-09-20T03:00:00-04:00,21.375,70.475,86.0,18.936021308411863,66.08483835514136,-1.5,1.421875,2.0668160333288013,4.623335793953111,133.46839220798898,101760.0,1017.6,74.5,0.0,0.0,36.0,-78.75,216,405,noaa-gfs-forecast,0.2.7,3A7HWV727T9WW44DRYQG,future_b1_20260916T18Z
2026-09-16T18:00:00Z,86,2026-09-20T08:00:00Z,2026-09-20T04:00:00-04:00,22.0,71.6,84.0,19.171303591090396,66.50834646396271,-1.328125,1.5,2.0034759832912896,4.48164813728366,138.47778651979817,101760.0,1017.6,83.5,0.0,0.0,36.0,-78.75,216,405,noaa-gfs-forecast,0.2.7,3A7HWV727T9WW44DRYQG,future_b1_20260916T18Z
2026-09-16T18:00:00Z,87,2026-09-20T09:00:00Z,2026-09-20T05:00:00-04:00,21.5,70.7,87.5,19.33632271173884,66.8053808811299,-0.765625,1.71875,1.8815640310988622,4.208938866989218,155.9892009361004,101696.0,1016.96,80.0,0.0,0.0,36.0,-78.75,216,405,noaa-gfs-forecast,0.2.7,3A7HWV727T9WW44DRYQG,future_b1_20260916T18Z
2026-09-16T18:00:00Z,88,2026-09-20T10:00:00Z,2026-09-20T06:00:00-04:00,21.5,70.7,88.5,19.51907667190621,67.13433800943118,-0.53125,1.671875,1.75424986194242,3.92414518151042,162.37198063218037,101696.0,1016.96,79.0,0.0,0.0,36.0,-78.75,216,405,noaa-gfs-forecast,0.2.7,3A7HWV727T9WW44DRYQG,future_b1_20260916T18Z
2026-09-16T18:00:00Z,89,2026-09-20T11:00:00Z,2026-09-20T07:00:00-04:00,21.875,71.375,87.5,19.70520925779288,67.46937666402718,-0.53125,1.78125,1.8587840447453814,4.157981488782613,163.39301942138297,101632.0,1016.32,83.0,0.0,0.0,36.0,-78.75,216,405,noaa-gfs-forecast,0.2.7,3A7HWV727T9WW44DRYQG,future_b1_20260916T18Z
2026-09-16T18:00:00Z,90,2026-09-20T12:00:00Z,2026-09-20T08:00:00-04:00,22.125,71.825,87.0,19.85863173071371,67.74553711528468,-0.228515625,1.84375,1.857857220931991,4.1559082429581,172.93475233930297,101696.0,1016.96,86.0,0.0,0.0,36.0,-78.75,216,405,noaa-gfs-forecast,0.2.7,3A7HWV727T9WW44DRYQG,future_b1_20260916T18Z
2026-09-16T18:00:00Z,91,2026-09-20T13:00:00Z,2026-09-20T09:00:00-04:00,23.0,73.4,84.5,20.246037192004525,68.44286694560815,0.625,1.921875,2.020947430198272,4.520730650944591,198.01469391820524,101696.0,1016.96,100.0,0.0,0.0,36.0,-78.75,216,405,noaa-gfs-forecast,0.2.7,3A7HWV727T9WW44DRYQG,future_b1_20260916T18Z
2026-09-16T18:00:00Z,92,2026-09-20T14:00:00Z,2026-09-20T10:00:00-04:00,23.75,74.75,81.5,20.39363016300957,68.70853429341722,0.671875,2.46875,2.5585430577039348,5.723297820561766,195.22443001851897,101760.0,1017.6,100.0,0.0,0.0,36.0,-78.75,216,405,noaa-gfs-forecast,0.2.7,3A7HWV727T9WW44DRYQG,future_b1_20260916T18Z
2026-09-16T18:00:00Z,93,2026-09-20T15:00:00Z,2026-09-20T11:00:00-04:00,25.125,77.225,75.5,20.48853296666874,68.87935934000373,0.9765625,2.53125,2.7130980223549335,6.06902743010677,201.09673756987667,101696.0,1016.96,100.0,0.0,0.0,36.0,-78.75,216,405,noaa-gfs-forecast,0.2.7,3A7HWV727T9WW44DRYQG,future_b1_20260916T18Z
2026-09-16T18:00:00Z,94,2026-09-20T16:00:00Z,2026-09-20T12:00:00-04:00,28.375,83.075,62.25,20.460961051960446,68.8297298935288,1.6875,2.21875,2.7875630598248358,6.235600974912385,217.2552894535771,101632.0,1016.32,83.5,0.0,0.0,36.0,-78.75,216,405,noaa-gfs-forecast,0.2.7,3A7HWV727T9WW44DRYQG,future_b1_20260916T18Z
2026-09-16T18:00:00Z,95,2026-09-20T17:00:00Z,2026-09-20T13:00:00-04:00,30.25,86.45,54.0,19.912716081590798,67.84288894686344,1.890625,2.3125,2.9869916539262373,6.681710034731196,219.2683189799365,101504.0,1015.04,69.5,0.0,0.0,36.0,-78.75,216,405,noaa-gfs-forecast,0.2.7,3A7HWV727T9WW44DRYQG,future_b1_20260916T18Z
2026-09-16T18:00:00Z,96,2026-09-20T18:00:00Z,2026-09-20T14:00:00-04:00,31.625,88.925,48.25,19.363080724152084,66.85354530347375,2.375,1.78125,2.96875,6.640904617036499,233.13010235415598,101440.0,1014.4,62.75,0.0,0.0,36.0,-78.75,216,405,noaa-gfs-forecast,0.2.7,3A7HWV727T9WW44DRYQG,future_b1_20260916T18Z
2026-09-16T18:00:00Z,97,2026-09-20T19:00:00Z,2026-09-20T15:00:00-04:00,32.25,90.05,45.5,18.989466166691507,66.18103910004471,2.6875,1.0625,2.889907005424223,6.464537861095695,248.4286928087454,101312.0,1013.12,60.0,0.0,0.0,36.0,-78.75,216,405,noaa-gfs-forecast,0.2.7,3A7HWV727T9WW44DRYQG,future_b1_20260916T18Z
2026-09-16T18:00:00Z,98,2026-09-20T20:00:00Z,2026-09-20T16:00:00-04:00,30.5,86.9,52.5,19.68941439561263,67.44094591210273,2.0625,-0.34375,2.090949619790013,4.677321089365629,279.4623222080256,101248.0,1012.48,79.0,1.7404556274414062e-05,0.06265640258789062,36.0,-78.75,216,405,noaa-gfs-forecast,0.2.7,3A7HWV727T9WW44DRYQG,future_b1_20260916T18Z
2026-09-16T18:00:00Z,99,2026-09-20T21:00:00Z,2026-09-20T17:00:00-04:00,28.0,82.4,65.0,20.80817561657337,69.45471610983206,0.875,0.130859375,0.8847311320539086,1.9790871780017618,261.49425164837385,101248.0,1012.48,86.0,3.4809112548828125e-05,0.12531280517578125,36.0,-78.75,216,405,noaa-gfs-forecast,0.2.7,3A7HWV727T9WW44DRYQG,future_b1_20260916T18Z
2026-09-16T18:00:00Z,100,2026-09-20T22:00:00Z,2026-09-20T18:00:00-04:00,27.25,81.05,68.0,20.82876634447655,69.49177942005778,0.02783203125,2.1875,2.1876770492838977,4.8936941868376325,180.72894714807754,101184.0,1011.84,89.5,0.0,0.0,36.0,-78.75,216,405,noaa-gfs-forecast,0.2.7,3A7HWV727T9WW44DRYQG,future_b1_20260916T18Z
2026-09-16T18:00:00Z,101,2026-09-20T23:00:00Z,2026-09-20T19:00:00-04:00,26.625,79.925,70.0,20.702962110851704,69.26533179953307,-0.26171875,2.25,2.265170347700491,5.067041758456712,173.36520295728383,101248.0,1012.48,88.5,0.0,0.0,36.0,-78.75,216,405,noaa-gfs-forecast,0.2.7,3A7HWV727T9WW44DRYQG,future_b1_20260916T18Z
2026-09-16T18:00:00Z,102,2026-09-21T00:00:00Z,2026-09-20T20:00:00-04:00,25.625,78.125,71.5,20.08857456923168,68.15943422461703,1.0625,2.125,2.3758222260935264,5.314562961018083,206.56505117707798,101312.0,1013.12,76.0,0.0,0.0,36.0,-78.75,216,405,noaa-gfs-forecast,0.2.7,3A7HWV727T9WW44DRYQG,future_b1_20260916T18Z
2026-09-16T18:00:00Z,103,2026-09-21T01:00:00Z,2026-09-20T21:00:00-04:00,22.875,73.175,89.0,20.965145360002918,69.73726164800524,2.625,-3.34375,4.251033881598687,9.509291968500989,321.8664298024977,101440.0,1014.4,35.0,0.00024318695068359375,0.8754730224609375,36.0,-78.75,216,405,noaa-gfs-forecast,0.2.7,3A7HWV727T9WW44DRYQG,future_b1_20260916T18Z
2026-09-16T18:00:00Z,104,2026-09-21T02:00:00Z,2026-09-20T22:00:00-04:00,21.5,70.7,92.0,20.144762284796,68.2605721126328,0.8515625,-0.921875,1.2549949031893517,2.807343645287559,317.2704496706651,101440.0,1014.4,31.375,8.678436279296875e-05,0.3124237060546875,36.0,-78.75,216,405,noaa-gfs-forecast,0.2.7,3A7HWV727T9WW44DRYQG,future_b1_20260916T18Z
2026-09-16T18:00:00Z,105,2026-09-21T03:00:00Z,2026-09-20T23:00:00-04:00,21.125,70.025,93.0,19.948029320202743,67.90645277636494,2.03125,0.07421875,2.0326054672148164,4.546808937041012,267.9074312670023,101440.0,1014.4,54.25,0.00012159347534179688,0.43773651123046875,36.0,-78.75,216,405,noaa-gfs-forecast,0.2.7,3A7HWV727T9WW44DRYQG,future_b1_20260916T18Z
2026-09-16T18:00:00Z,106,2026-09-21T04:00:00Z,2026-09-21T00:00:00-04:00,21.25,70.25,91.5,19.809390022838414,67.65690204110915,1.734375,0.84375,1.9287225573225921,4.314429485778879,244.05770451012833,101376.0,1013.76,65.5,0.0,0.0,36.0,-78.75,216,405,noaa-gfs-forecast,0.2.7,3A7HWV727T9WW44DRYQG,future_b1_20260916T18Z
2026-09-16T18:00:00Z,107,2026-09-21T05:00:00Z,2026-09-21T01:00:00-04:00,21.5,70.7,90.5,19.879213481148025,67.78258426606644,1.46875,0.71875,1.6351844314938913,3.657803399011027,243.92464441605122,101312.0,1013.12,72.5,0.0,0.0,36.0,-78.75,216,405,noaa-gfs-forecast,0.2.7,3A7HWV727T9WW44DRYQG,future_b1_20260916T18Z
2026-09-16T18:00:00Z,108,2026-09-21T06:00:00Z,2026-09-21T02:00:00-04:00,21.375,70.475,91.5,19.933030701010047,67.87945526181808,1.53125,0.5703125,1.6340082344211886,3.6551723210924902,249.572204772184,101312.0,1013.12,77.0,0.0,0.0,36.0,-78.75,216,405,noaa-gfs-forecast,0.2.7,3A7HWV727T9WW44DRYQG,future_b1_20260916T18Z
2026-09-16T18:00:00Z,109,2026-09-21T07:00:00Z,2026-09-21T03:00:00-04:00,20.875,69.575,94.0,19.872725122236943,67.77090522002649,1.46875,1.609375,2.1788332779551998,4.873911233793838,222.38424512457811,101312.0,1013.12,57.0,0.0,0.0,36.0,-78.75,216,405,noaa-gfs-forecast,0.2.7,3A7HWV727T9WW44DRYQG,future_b1_20260916T18Z
2026-09-16T18:00:00Z,110,2026-09-21T08:00:00Z,2026-09-21T04:00:00-04:00,20.75,69.35,94.5,19.834225956655214,67.70160672197939,1.671875,0.9296875,1.912978009095047,4.2792099344466825,240.92266850048335,101312.0,1013.12,65.5,0.0,0.0,36.0,-78.75,216,405,noaa-gfs-forecast,0.2.7,3A7HWV727T9WW44DRYQG,future_b1_20260916T18Z
2026-09-16T18:00:00Z,111,2026-09-21T09:00:00Z,2026-09-21T05:00:00-04:00,20.75,69.35,95.5,20.004148176992764,68.00746671858698,1.578125,1.046875,1.893786097015711,4.236278849802498,236.44104386876742,101312.0,1013.12,57.0,0.0,0.0,36.0,-78.75,216,405,noaa-gfs-forecast,0.2.7,3A7HWV727T9WW44DRYQG,future_b1_20260916T18Z
2026-09-16T18:00:00Z,112,2026-09-21T10:00:00Z,2026-09-21T06:00:00-04:00,20.875,69.575,96.0,20.21289849633475,68.38321729340255,1.515625,0.9453125,1.786262820326631,3.9957561299360886,238.04774220971302,101312.0,1013.12,47.25,0.0,0.0,36.0,-78.75,216,405,noaa-gfs-forecast,0.2.7,3A7HWV727T9WW44DRYQG,future_b1_20260916T18Z
2026-09-16T18:00:00Z,113,2026-09-21T11:00:00Z,2026-09-21T07:00:00-04:00,20.875,69.575,96.0,20.21289849633475,68.38321729340255,1.25,1.28125,1.7900004364524607,4.004116939093724,224.29268063145574,101376.0,1013.76,49.5,0.0,0.0,36.0,-78.75,216,405,noaa-gfs-forecast,0.2.7,3A7HWV727T9WW44DRYQG,future_b1_20260916T18Z
2026-09-16T18:00:00Z,114,2026-09-21T12:00:00Z,2026-09-21T08:00:00-04:00,22.0,71.6,92.5,20.727650308760023,69.30977055576804,1.15625,0.796875,1.4042520529182074,3.1412223803646335,235.42580852588478,101440.0,1014.4,49.5,0.0,0.0,36.0,-78.75,216,405,noaa-gfs-forecast,0.2.7,3A7HWV727T9WW44DRYQG,future_b1_20260916T18Z
2026-09-16T18:00:00Z,115,2026-09-21T13:00:00Z,2026-09-21T09:00:00-04:00,24.0,75.2,84.0,21.12868290365686,70.03162922658234,1.4375,1.03125,1.76914748183977,3.957470208124034,234.3446719020997,101504.0,1015.04,46.25,0.0,0.0,36.0,-78.75,216,405,noaa-gfs-forecast,0.2.7,3A7HWV727T9WW44DRYQG,future_b1_20260916T18Z
2026-09-16T18:00:00Z,116,2026-09-21T14:00:00Z,2026-09-21T10:00:00-04:00,24.25,75.65,84.0,21.373333151506017,70.47199967271084,1.078125,-0.244140625,1.1054221638814696,2.4727589564277657,282.7593950747632,101568.0,1015.68,73.0,0.0,0.0,36.0,-78.75,216,405,noaa-gfs-forecast,0.2.7,3A7HWV727T9WW44DRYQG,future_b1_20260916T18Z
2026-09-16T18:00:00Z,117,2026-09-21T15:00:00Z,2026-09-21T11:00:00-04:00,23.5,74.3,86.5,21.116245202546757,70.00924136458417,0.59375,-1.5625,1.6715098900395415,3.73906113555731,339.19320898728876,101632.0,1016.32,82.0,0.0,0.0,36.0,-78.75,216,405,noaa-gfs-forecast,0.2.7,3A7HWV727T9WW44DRYQG,future_b1_20260916T18Z
2026-09-16T18:00:00Z,118,2026-09-21T16:00:00Z,2026-09-21T12:00:00-04:00,23.125,73.625,88.5,21.119757574927267,70.01556363486908,0.41015625,-1.28125,1.3452991161500338,3.009348416584718,342.24899034626173,101632.0,1016.32,86.5,0.0,0.0,36.0,-78.75,216,405,noaa-gfs-forecast,0.2.7,3A7HWV727T9WW44DRYQG,future_b1_20260916T18Z
2026-09-16T18:00:00Z,119,2026-09-21T17:00:00Z,2026-09-21T13:00:00-04:00,23.875,74.975,84.5,21.102986326406526,69.98537538753175,0.8125,0.201171875,0.8370342724709757,1.8723923417836765,256.0934581317197,101568.0,1015.68,89.5,0.0,0.0,36.0,-78.75,216,405,noaa-gfs-forecast,0.2.7,3A7HWV727T9WW44DRYQG,future_b1_20260916T18Z
2026-09-16T18:00:00Z,120,2026-09-21T18:00:00Z,2026-09-21T14:00:00-04:00,25.5,77.9,74.5,20.634083411547035,69.14135014078467,0.7890625,0.65625,1.0262961031818498,2.2957589996014867,230.25027272973304,101504.0,1015.04,91.0,0.0,0.0,36.0,-78.75,216,405,noaa-gfs-forecast,0.2.7,3A7HWV727T9WW44DRYQG,future_b1_20260916T18Z
2026-09-16T18:00:00Z,123,2026-09-21T21:00:00Z,2026-09-21T17:00:00-04:00,22.625,72.725,92.5,21.346656961182358,70.42398253012824,-2.25,-4.5625,5.087131436281158,11.379588932268147,26.250242369688863,101568.0,1015.68,89.0,0.000179290771484375,0.64544677734375,36.0,-78.75,216,405,noaa-gfs-forecast,0.2.7,3A7HWV727T9WW44DRYQG,future_b1_20260916T18Z
2026-09-16T18:00:00Z,126,2026-09-22T00:00:00Z,2026-09-21T20:00:00-04:00,18.0,64.4,95.5,17.269596538329136,63.085273768992444,-2.96875,-3.46875,4.5657094875824065,10.213201251750181,40.558758810567156,101760.0,1017.6,94.5,4.0531158447265625e-05,0.14591217041015625,36.0,-78.75,216,405,noaa-gfs-forecast,0.2.7,3A7HWV727T9WW44DRYQG,future_b1_20260916T18Z
2026-09-16T18:00:00Z,129,2026-09-22T03:00:00Z,2026-09-21T23:00:00-04:00,18.125,64.625,93.5,17.059206821270276,62.706572278286494,-1.625,-3.1875,3.5778179453404277,8.003350808295508,27.012665347938537,101952.0,1019.52,100.0,5.781650543212891e-06,0.020813941955566406,36.0,-78.75,216,405,noaa-gfs-forecast,0.2.7,3A7HWV727T9WW44DRYQG,future_b1_20260916T18Z
2026-09-16T18:00:00Z,132,2026-09-22T06:00:00Z,2026-09-22T02:00:00-04:00,17.375,63.275,92.0,16.061592574147614,60.91086663346571,-1.234375,-3.6875,3.888616449410381,8.698587261565804,18.50775155313488,101952.0,1019.52,100.0,0.0,0.0,36.0,-78.75,216,405,noaa-gfs-forecast,0.2.7,3A7HWV727T9WW44DRYQG,future_b1_20260916T18Z
2026-09-16T18:00:00Z,135,2026-09-22T09:00:00Z,2026-09-22T05:00:00-04:00,17.25,63.05,93.0,16.107231019467253,60.99301583504106,-0.6875,-3.21875,3.291353492486032,7.362548077322003,12.056762533832625,101952.0,1019.52,100.0,1.1563301086425781e-05,0.04162788391113281,36.0,-78.75,216,405,noaa-gfs-forecast,0.2.7,3A7HWV727T9WW44DRYQG,future_b1_20260916T18Z
2026-09-16T18:00:00Z,138,2026-09-22T12:00:00Z,2026-09-22T08:00:00-04:00,16.875,62.375,95.5,16.1508698569065,61.0715657424317,-1.015625,-3.53125,3.6744007270744166,8.219400337943837,16.045797280947625,102144.0,1021.44,100.0,4.6253204345703125e-05,0.16651153564453125,36.0,-78.75,216,405,noaa-gfs-forecast,0.2.7,3A7HWV727T9WW44DRYQG,future_b1_20260916T18Z
2026-09-16T18:00:00Z,141,2026-09-22T15:00:00Z,2026-09-22T11:00:00-04:00,18.375,65.075,92.5,17.13713533339103,62.84684360010385,-1.609375,-3.5625,3.9091551696786095,8.744531070326158,24.31128202495546,102272.0,1022.72,100.0,5.781650543212891e-06,0.020813941955566406,36.0,-78.75,216,405,noaa-gfs-forecast,0.2.7,3A7HWV727T9WW44DRYQG,future_b1_20260916T18Z
2026-09-16T18:00:00Z,144,2026-09-22T18:00:00Z,2026-09-22T14:00:00-04:00,21.375,70.475,82.0,18.17514195458873,64.71525551825971,-1.765625,-3.34375,3.781282282920041,8.458487569166152,27.83572886394586,102272.0,1022.72,100.0,5.781650543212891e-06,0.020813941955566406,36.0,-78.75,216,405,noaa-gfs-forecast,0.2.7,3A7HWV727T9WW44DRYQG,future_b1_20260916T18Z
2026-09-16T18:00:00Z,147,2026-09-22T21:00:00Z,2026-09-22T17:00:00-04:00,22.25,72.05,78.0,18.22966864631973,64.81340356337552,-3.09375,-3.75,4.8614595609240645,10.874775324185887,39.52263127117112,102208.0,1022.08,100.0,5.781650543212891e-06,0.020813941955566406,36.0,-78.75,216,405,noaa-gfs-forecast,0.2.7,3A7HWV727T9WW44DRYQG,future_b1_20260916T18Z
2026-09-16T18:00:00Z,150,2026-09-23T00:00:00Z,2026-09-22T20:00:00-04:00,20.75,69.35,81.5,17.468224915882768,63.44280484858898,-2.8125,-3.4375,4.441459501109967,9.935261947722713,39.28940686250036,102400.0,1024.0,100.0,0.0,0.0,36.0,-78.75,216,405,noaa-gfs-forecast,0.2.7,3A7HWV727T9WW44DRYQG,future_b1_20260916T18Z
2026-09-16T18:00:00Z,153,2026-09-23T03:00:00Z,2026-09-22T23:00:00-04:00,19.75,67.55,82.0,16.589116382556664,61.860409488601995,-2.59375,-3.53125,4.381468432500684,9.801065749151483,36.2977762100532,102464.0,1024.64,100.0,5.781650543212891e-06,0.020813941955566406,36.0,-78.75,216,405,noaa-gfs-forecast,0.2.7,3A7HWV727T9WW44DRYQG,future_b1_20260916T18Z
2026-09-16T18:00:00Z,156,2026-09-23T06:00:00Z,2026-09-23T02:00:00-04:00,18.25,64.85,91.0,16.75545728036401,62.15982310465522,-2.34375,-3.96875,4.609136646379667,10.310345039324583,30.564025021024804,102400.0,1024.0,100.0,4.0531158447265625e-05,0.14591217041015625,36.0,-78.75,216,405,noaa-gfs-forecast,0.2.7,3A7HWV727T9WW44DRYQG,future_b1_20260916T18Z
2026-09-16T18:00:00Z,159,2026-09-23T09:00:00Z,2026-09-23T05:00:00-04:00,17.625,63.725,90.0,15.964415823191798,60.73594848174524,-1.8125,-4.1875,4.562928062110995,10.206979380169537,23.404689551032334,102400.0,1024.0,100.0,1.7404556274414062e-05,0.06265640258789062,36.0,-78.75,216,405,noaa-gfs-forecast,0.2.7,3A7HWV727T9WW44DRYQG,future_b1_20260916T18Z
2026-09-16T18:00:00Z,162,2026-09-23T12:00:00Z,2026-09-23T08:00:00-04:00,18.125,64.625,80.0,14.619590612458698,58.315263102425654,-1.609375,-4.4375,4.720327757754222,10.55907247171219,19.93449586089963,102464.0,1024.64,100.0,5.781650543212891e-06,0.020813941955566406,36.0,-78.75,216,405,noaa-gfs-forecast,0.2.7,3A7HWV727T9WW44DRYQG,future_b1_20260916T18Z
2026-09-16T18:00:00Z,165,2026-09-23T15:00:00Z,2026-09-23T11:00:00-04:00,21.0,69.8,72.5,15.867819360230895,60.562074848415605,-2.375,-4.5,5.088283109261905,11.382165151355359,27.824096384253266,102528.0,1025.28,100.0,0.0,0.0,36.0,-78.75,216,405,noaa-gfs-forecast,0.2.7,3A7HWV727T9WW44DRYQG,future_b1_20260916T18Z
2026-09-16T18:00:00Z,168,2026-09-23T18:00:00Z,2026-09-23T14:00:00-04:00,21.5,70.7,73.5,16.563900554598316,61.81502099827697,-2.21875,-4.8125,5.299340318615139,11.85428668265733,24.751542637912053,102400.0,1024.0,100.0,0.0,0.0,36.0,-78.75,216,405,noaa-gfs-forecast,0.2.7,3A7HWV727T9WW44DRYQG,future_b1_20260916T18Z
2026-09-16T18:00:00Z,171,2026-09-23T21:00:00Z,2026-09-23T17:00:00-04:00,23.75,74.75,66.5,17.139087571441742,62.850357628595134,-2.25,-4.5,5.031152949374527,11.254368623332413,26.565051177077976,102272.0,1022.72,100.0,0.0,0.0,36.0,-78.75,216,405,noaa-gfs-forecast,0.2.7,3A7HWV727T9WW44DRYQG,future_b1_20260916T18Z
2026-09-16T18:00:00Z,174,2026-09-24T00:00:00Z,2026-09-23T20:00:00-04:00,20.375,68.675,77.0,16.208258999092397,61.17486619836632,-1.828125,-4.625,4.973194749416616,11.124719822424415,21.567414021490038,102272.0,1022.72,100.0,0.0,0.0,36.0,-78.75,216,405,noaa-gfs-forecast,0.2.7,3A7HWV727T9WW44DRYQG,future_b1_20260916T18Z
2026-09-16T18:00:00Z,177,2026-09-24T03:00:00Z,2026-09-23T23:00:00-04:00,19.625,67.325,78.5,15.783134221854633,60.40964159933834,-1.03125,-3.625,3.7688329178274804,8.430639132577568,15.880138777075274,102336.0,1023.36,100.0,0.0,0.0,36.0,-78.75,216,405,noaa-gfs-forecast,0.2.7,3A7HWV727T9WW44DRYQG,future_b1_20260916T18Z
2026-09-16T18:00:00Z,180,2026-09-24T06:00:00Z,2026-09-24T02:00:00-04:00,19.875,67.775,80.0,16.32277499529231,61.38099499152616,-0.7265625,-3.96875,4.034708121897574,9.02538502571933,10.374307892406705,102208.0,1022.08,100.0,0.0,0.0,36.0,-78.75,216,405,noaa-gfs-forecast,0.2.7,3A7HWV727T9WW44DRYQG,future_b1_20260916T18Z
2026-09-16T18:00:00Z,183,2026-09-24T09:00:00Z,2026-09-24T05:00:00-04:00,18.5,65.3,86.5,16.20445453575587,61.16801816436056,-0.328125,-3.84375,3.8577299125424784,8.629496046310116,4.879273783006738,102144.0,1021.44,41.75,0.0,0.0,36.0,-78.75,216,405,noaa-gfs-forecast,0.2.7,3A7HWV727T9WW44DRYQG,future_b1_20260916T18Z
2026-09-16T18:00:00Z,186,2026-09-24T12:00:00Z,2026-09-24T08:00:00-04:00,18.5,65.3,88.0,16.474477502419834,61.6540595043557,-0.6015625,-3.75,3.7979438438984654,8.495758419601067,9.113552748073403,102272.0,1022.72,71.0,0.0,0.0,36.0,-78.75,216,405,noaa-gfs-forecast,0.2.7,3A7HWV727T9WW44DRYQG,future_b1_20260916T18Z
2026-09-16T18:00:00Z,189,2026-09-24T15:00:00Z,2026-09-24T11:00:00-04:00,24.875,76.775,63.25,17.41298475925631,63.34337256666136,-2.5,-3.8125,4.559074056209221,10.198358214498068,33.254366574712094,102208.0,1022.08,63.25,0.0,0.0,36.0,-78.75,216,405,noaa-gfs-forecast,0.2.7,3A7HWV727T9WW44DRYQG,future_b1_20260916T18Z
2026-09-16T18:00:00Z,192,2026-09-24T18:00:00Z,2026-09-24T14:00:00-04:00,29.0,84.2,48.0,16.88424463976175,62.391640351571155,-2.9375,-3.1875,4.3346352210999255,9.69630283889567,42.66269414087617,102080.0,1020.8,48.25,0.0,0.0,36.0,-78.75,216,405,noaa-gfs-forecast,0.2.7,3A7HWV727T9WW44DRYQG,future_b1_20260916T18Z
2026-09-16T18:00:00Z,195,2026-09-24T21:00:00Z,2026-09-24T17:00:00-04:00,26.25,79.25,58.25,17.40169336438355,63.323048055890396,-2.75,-1.8125,3.2935780315638494,7.367524229518266,56.61148642388849,101952.0,1019.52,91.0,0.0,0.0,36.0,-78.75,216,405,noaa-gfs-forecast,0.2.7,3A7HWV727T9WW44DRYQG,future_b1_20260916T18Z
2026-09-16T18:00:00Z,198,2026-09-25T00:00:00Z,2026-09-24T20:00:00-04:00,23.5,74.3,68.0,17.253647754268222,63.0565659576828,-2.5625,-0.8984375,2.7154366483875574,6.074258787552689,70.67883591312375,102016.0,1020.16,95.5,0.0,0.0,36.0,-78.75,216,405,noaa-gfs-forecast,0.2.7,3A7HWV727T9WW44DRYQG,future_b1_20260916T18Z
2026-09-16T18:00:00Z,201,2026-09-25T03:00:00Z,2026-09-24T23:00:00-04:00,19.5,67.1,84.0,16.7241360411442,62.103444874059555,-1.03125,-1.15625,1.5493194070300675,3.4657288095697605,41.729512076816434,102080.0,1020.8,41.25,0.0,0.0,36.0,-78.75,216,405,noaa-gfs-forecast,0.2.7,3A7HWV727T9WW44DRYQG,future_b1_20260916T18Z
2026-09-16T18:00:00Z,204,2026-09-25T06:00:00Z,2026-09-25T02:00:00-04:00,18.125,64.625,90.5,16.545182156383007,61.78132788148942,-1.015625,-1.875,2.132397509993153,4.770037379190119,28.442928624363333,102080.0,1020.8,54.0,0.0,0.0,36.0,-78.75,216,405,noaa-gfs-forecast,0.2.7,3A7HWV727T9WW44DRYQG,future_b1_20260916T18Z
2026-09-16T18:00:00Z,207,2026-09-25T09:00:00Z,2026-09-25T05:00:00-04:00,17.125,62.825,96.5,16.56326232379737,61.81387218283527,-0.8203125,-1.890625,2.060916176917744,4.610138191029308,23.455264762556567,102016.0,1020.16,1.203125,0.0,0.0,36.0,-78.75,216,405,noaa-gfs-forecast,0.2.7,3A7HWV727T9WW44DRYQG,future_b1_20260916T18Z
2026-09-16T18:00:00Z,210,2026-09-25T12:00:00Z,2026-09-25T08:00:00-04:00,17.75,63.95,92.0,16.4328167793564,61.57907020284152,-0.4453125,-1.578125,1.6397505109867323,3.6680174279409683,15.75791038058992,102144.0,1021.44,4.59375,0.0,0.0,36.0,-78.75,216,405,noaa-gfs-forecast,0.2.7,3A7HWV727T9WW44DRYQG,future_b1_20260916T18Z
2026-09-16T18:00:00Z,213,2026-09-25T15:00:00Z,2026-09-25T11:00:00-04:00,25.5,77.9,52.0,14.924732684734902,58.86451883252282,-1.59375,-1.953125,2.5208602357379912,5.639003748519122,39.214445135302526,102144.0,1021.44,66.5,0.0,0.0,36.0,-78.75,216,405,noaa-gfs-forecast,0.2.7,3A7HWV727T9WW44DRYQG,future_b1_20260916T18Z
2026-09-16T18:00:00Z,216,2026-09-25T18:00:00Z,2026-09-25T14:00:00-04:00,29.25,84.65,34.75,12.107015471540109,53.7926278487722,-1.546875,-2.28125,2.756251771541381,6.165559617800147,34.140496764678005,101888.0,1018.88,51.0,0.0,0.0,36.0,-78.75,216,405,noaa-gfs-forecast,0.2.7,3A7HWV727T9WW44DRYQG,future_b1_20260916T18Z
2026-09-16T18:00:00Z,219,2026-09-25T21:00:00Z,2026-09-25T17:00:00-04:00,29.5,85.1,33.25,11.656532817474659,52.981759071454384,-1.953125,-1.40625,2.406706531367088,5.3836491843394,54.246112745563266,101696.0,1016.96,34.5,0.0,0.0,36.0,-78.75,216,405,noaa-gfs-forecast,0.2.7,3A7HWV727T9WW44DRYQG,future_b1_20260916T18Z
2026-09-16T18:00:00Z,222,2026-09-26T00:00:00Z,2026-09-25T20:00:00-04:00,22.0,71.6,54.25,12.33660289591938,54.205885212654884,-1.671875,-1.1875,2.050688241938545,4.587258952081564,54.61456927090097,101760.0,1017.6,20.875,0.0,0.0,36.0,-78.75,216,405,noaa-gfs-forecast,0.2.7,3A7HWV727T9WW44DRYQG,future_b1_20260916T18Z
2026-09-16T18:00:00Z,225,2026-09-26T03:00:00Z,2026-09-25T23:00:00-04:00,19.875,67.775,61.25,12.195576605447304,53.95203788980515,-1.671875,0.03857421875,1.672319941272355,3.7408731685584136,91.32171835683593,101760.0,1017.6,29.125,0.0,0.0,36.0,-78.75,216,405,noaa-gfs-forecast,0.2.7,3A7HWV727T9WW44DRYQG,future_b1_20260916T18Z
2026-09-16T18:00:00Z,228,2026-09-26T06:00:00Z,2026-09-26T02:00:00-04:00,18.375,65.075,67.5,12.251501853365296,54.05270333605753,-1.1875,-1.890625,2.232626063769972,4.994242268633611,32.13289585998098,101824.0,1018.24,18.75,0.0,0.0,36.0,-78.75,216,405,noaa-gfs-forecast,0.2.7,3A7HWV727T9WW44DRYQG,future_b1_20260916T18Z
2026-09-16T18:00:00Z,231,2026-09-26T09:00:00Z,2026-09-26T05:00:00-04:00,16.625,61.925,78.5,12.869764639365428,55.16557635085777,-1.34375,-2.3125,2.6745691825974514,5.9828408701625095,30.160060838087077,101888.0,1018.88,51.0,0.0,0.0,36.0,-78.75,216,405,noaa-gfs-forecast,0.2.7,3A7HWV727T9WW44DRYQG,future_b1_20260916T18Z
2026-09-16T18:00:00Z,234,2026-09-26T12:00:00Z,2026-09-26T08:00:00-04:00,17.375,63.275,68.0,11.409214703924734,52.536586467064524,-2.09375,-2.78125,3.4812556104084056,7.787347016840555,36.97276248956803,102016.0,1020.16,75.5,0.0,0.0,36.0,-78.75,216,405,noaa-gfs-forecast,0.2.7,3A7HWV727T9WW44DRYQG,future_b1_20260916T18Z
2026-09-16T18:00:00Z,237,2026-09-26T15:00:00Z,2026-09-26T11:00:00-04:00,21.0,69.8,35.25,5.054391341492036,41.097904414685665,-3.375,-3.0,4.5155979670471105,10.101104972814749,48.36646066342979,102080.0,1020.8,100.0,0.0,0.0,36.0,-78.75,216,405,noaa-gfs-forecast,0.2.7,3A7HWV727T9WW44DRYQG,future_b1_20260916T18Z
2026-09-16T18:00:00Z,240,2026-09-26T18:00:00Z,2026-09-26T14:00:00-04:00,23.375,74.075,29.875,4.755603901188635,40.56008702213954,-2.0625,-2.84375,3.5129503714826376,7.858246178155498,35.9524280000993,101952.0,1019.52,100.0,0.0,0.0,36.0,-78.75,216,405,noaa-gfs-forecast,0.2.7,3A7HWV727T9WW44DRYQG,future_b1_20260916T18Z
2026-09-16T18:00:00Z,243,2026-09-26T21:00:00Z,2026-09-26T17:00:00-04:00,20.875,69.575,37.5,5.835521222408657,42.50393820033558,-2.21875,-2.34375,3.2273852613222362,7.219455219493184,43.43064519525103,101824.0,1018.24,100.0,0.0,0.0,36.0,-78.75,216,405,noaa-gfs-forecast,0.2.7,3A7HWV727T9WW44DRYQG,future_b1_20260916T18Z
2026-09-16T18:00:00Z,246,2026-09-27T00:00:00Z,2026-09-26T20:00:00-04:00,18.0,64.4,40.25,4.283728387396933,39.71071109731448,-1.875,-1.796875,2.596995334155416,5.809313113268193,46.21887523513135,101888.0,1018.88,100.0,0.0,0.0,36.0,-78.75,216,405,noaa-gfs-forecast,0.2.7,3A7HWV727T9WW44DRYQG,future_b1_20260916T18Z
2026-09-16T18:00:00Z,249,2026-09-27T03:00:00Z,2026-09-26T23:00:00-04:00,17.25,63.05,42.0,4.216299587702371,39.58933925786427,-2.09375,-1.875,2.810589628974675,6.28710994312516,48.15484286479193,101952.0,1019.52,100.0,0.0,0.0,36.0,-78.75,216,405,noaa-gfs-forecast,0.2.7,3A7HWV727T9WW44DRYQG,future_b1_20260916T18Z
2026-09-16T18:00:00Z,252,2026-09-27T06:00:00Z,2026-09-27T02:00:00-04:00,15.8125,60.4625,44.5,3.7380871386443055,38.72855684955975,-2.25,-0.875,2.414150989478496,5.4003019628634865,68.7494944928668,101952.0,1019.52,100.0,0.0,0.0,36.0,-78.75,216,405,noaa-gfs-forecast,0.2.7,3A7HWV727T9WW44DRYQG,future_b1_20260916T18Z
2026-09-16T18:00:00Z,255,2026-09-27T09:00:00Z,2026-09-27T05:00:00-04:00,14.5,58.1,45.5,2.858191117145889,37.1447440108626,-2.0625,-2.21875,3.029316393594436,6.776387780946744,42.909840846289285,101888.0,1018.88,100.0,0.0,0.0,36.0,-78.75,216,405,noaa-gfs-forecast,0.2.7,3A7HWV727T9WW44DRYQG,future_b1_20260916T18Z
2026-09-16T18:00:00Z,258,2026-09-27T12:00:00Z,2026-09-27T08:00:00-04:00,13.0625,55.5125,52.75,3.629806167516799,38.53365110153024,-1.65625,-2.21875,2.768757054167086,6.193533138347984,36.74056202012116,102016.0,1020.16,100.0,0.0,0.0,36.0,-78.75,216,405,noaa-gfs-forecast,0.2.7,3A7HWV727T9WW44DRYQG,future_b1_20260916T18Z
2026-09-16T18:00:00Z,261,2026-09-27T15:00:00Z,2026-09-27T11:00:00-04:00,18.125,64.625,40.5,4.484467036324584,40.07204066538425,-3.28125,-2.96875,4.424938205783217,9.898304862614559,47.86240522611172,101952.0,1019.52,100.0,0.0,0.0,36.0,-78.75,216,405,noaa-gfs-forecast,0.2.7,3A7HWV727T9WW44DRYQG,future_b1_20260916T18Z
2026-09-16T18:00:00Z,264,2026-09-27T18:00:00Z,2026-09-27T14:00:00-04:00,20.125,68.225,35.5,4.382687471354279,39.888837448437705,-3.25,-2.28125,3.9707180159890476,8.882243235480143,54.93409747035656,101824.0,1018.24,100.0,0.0,0.0,36.0,-78.75,216,405,noaa-gfs-forecast,0.2.7,3A7HWV727T9WW44DRYQG,future_b1_20260916T18Z
2026-09-16T18:00:00Z,267,2026-09-27T21:00:00Z,2026-09-27T17:00:00-04:00,20.25,68.45,38.25,5.565037972359291,42.017068350246724,-3.375,-2.65625,4.294914325396957,9.607449725744793,51.79594401601895,101632.0,1016.32,100.0,0.0,0.0,36.0,-78.75,216,405,noaa-gfs-forecast,0.2.7,3A7HWV727T9WW44DRYQG,future_b1_20260916T18Z
2026-09-16T18:00:00Z,270,2026-09-28T00:00:00Z,2026-09-27T20:00:00-04:00,15.5,59.9,52.75,5.890265808262843,42.602478454873115,-1.875,-2.625,3.225871975140985,7.216070094714078,35.537677791974374,101696.0,1016.96,100.0,0.0,0.0,36.0,-78.75,216,405,noaa-gfs-forecast,0.2.7,3A7HWV727T9WW44DRYQG,future_b1_20260916T18Z
2026-09-16T18:00:00Z,273,2026-09-28T03:00:00Z,2026-09-27T23:00:00-04:00,14.25,57.65,59.5,6.469062823395612,43.644313082112106,-2.90625,-1.96875,3.510308480034198,7.852336435294815,55.88552705465872,101696.0,1016.96,100.0,0.0,0.0,36.0,-78.75,216,405,noaa-gfs-forecast,0.2.7,3A7HWV727T9WW44DRYQG,future_b1_20260916T18Z
2026-09-16T18:00:00Z,276,2026-09-28T06:00:00Z,2026-09-28T02:00:00-04:00,13.125,55.625,69.0,7.564044320505536,45.615279776909965,-2.53125,-2.5625,3.601892948506382,8.057205056608757,44.64849656012666,101632.0,1016.32,100.0,0.0,0.0,36.0,-78.75,216,405,noaa-gfs-forecast,0.2.7,3A7HWV727T9WW44DRYQG,future_b1_20260916T18Z
2026-09-16T18:00:00Z,279,2026-09-28T09:00:00Z,2026-09-28T05:00:00-04:00,13.75,56.75,70.5,8.47938513163885,47.26289323694993,-2.28125,-3.8125,4.442888453753931,9.938458423751625,30.894642235664776,101440.0,1014.4,100.0,0.0,0.0,36.0,-78.75,216,405,noaa-gfs-forecast,0.2.7,3A7HWV727T9WW44DRYQG,future_b1_20260916T18Z
2026-09-16T18:00:00Z,282,2026-09-28T12:00:00Z,2026-09-28T08:00:00-04:00,14.4375,57.9875,71.0,9.243879768135004,48.63898358264301,-2.90625,-4.375,5.252324634150102,11.749115591781711,33.595520120852996,101504.0,1015.04,100.0,0.0,0.0,36.0,-78.75,216,405,noaa-gfs-forecast,0.2.7,3A7HWV727T9WW44DRYQG,future_b1_20260916T18Z
2026-09-16T18:00:00Z,285,2026-09-28T15:00:00Z,2026-09-28T11:00:00-04:00,18.625,65.525,53.5,8.995156479550138,48.191281663190246,-4.4375,-4.125,6.058632787188872,13.552775561893489,47.090159153710715,101504.0,1015.04,100.0,0.0,0.0,36.0,-78.75,216,405,noaa-gfs-forecast,0.2.7,3A7HWV727T9WW44DRYQG,future_b1_20260916T18Z
2026-09-16T18:00:00Z,288,2026-09-28T18:00:00Z,2026-09-28T14:00:00-04:00,21.25,70.25,45.5,9.004449627137094,48.20800932884677,-4.9375,-3.875,6.276506293313184,14.040144714820098,51.874818028704226,101248.0,1012.48,100.0,0.0,0.0,36.0,-78.75,216,405,noaa-gfs-forecast,0.2.7,3A7HWV727T9WW44DRYQG,future_b1_20260916T18Z
2026-09-16T18:00:00Z,291,2026-09-28T21:00:00Z,2026-09-28T17:00:00-04:00,20.125,68.225,53.25,10.316281113538688,50.569306004369636,-4.9375,-4.3125,6.555651188097182,14.664574060704131,48.865461169851756,101120.0,1011.2,100.0,0.0,0.0,36.0,-78.75,216,405,noaa-gfs-forecast,0.2.7,3A7HWV727T9WW44DRYQG,future_b1_20260916T18Z
2026-09-16T18:00:00Z,294,2026-09-29T00:00:00Z,2026-09-28T20:00:00-04:00,18.375,65.075,66.0,11.910039502683269,53.43807110482989,-4.0625,-3.4375,5.321683239352001,11.904266372924111,49.76364169072622,101184.0,1011.84,100.0,0.0,0.0,36.0,-78.75,216,405,noaa-gfs-forecast,0.2.7,3A7HWV727T9WW44DRYQG,future_b1_20260916T18Z
2026-09-16T18:00:00Z,297,2026-09-29T03:00:00Z,2026-09-28T23:00:00-04:00,17.875,64.175,68.0,11.886547351936851,53.395785233486336,-3.75,-3.96875,5.460171843678548,12.214056557978127,43.37666747490954,101184.0,1011.84,100.0,0.0,0.0,36.0,-78.75,216,405,noaa-gfs-forecast,0.2.7,3A7HWV727T9WW44DRYQG,future_b1_20260916T18Z
2026-09-16T18:00:00Z,300,2026-09-29T06:00:00Z,2026-09-29T02:00:00-04:00,17.375,63.275,71.5,12.170078709330529,53.90614167679495,-4.125,-4.75,6.29111476608081,14.072822937725489,40.971736333514855,101120.0,1011.2,100.0,0.0,0.0,36.0,-78.75,216,405,noaa-gfs-forecast,0.2.7,3A7HWV727T9WW44DRYQG,future_b1_20260916T18Z
2026-09-16T18:00:00Z,303,2026-09-29T09:00:00Z,2026-09-29T05:00:00-04:00,17.625,63.725,76.5,13.444044136615833,56.1992794459085,-3.5,-4.6875,5.850013354685611,13.086107182099152,36.74747095286392,101056.0,1010.56,100.0,0.0,0.0,36.0,-78.75,216,405,noaa-gfs-forecast,0.2.7,3A7HWV727T9WW44DRYQG,future_b1_20260916T18Z
2026-09-16T18:00:00Z,306,2026-09-29T12:00:00Z,2026-09-29T08:00:00-04:00,17.75,63.95,80.0,14.254582671001907,57.65824880780343,-3.75,-4.9375,6.20011340622089,13.869258693228533,37.21644047353459,101184.0,1011.84,100.0,0.0,0.0,36.0,-78.75,216,405,noaa-gfs-forecast,0.2.7,3A7HWV727T9WW44DRYQG,future_b1_20260916T18Z
2026-09-16T18:00:00Z,309,2026-09-29T15:00:00Z,2026-09-29T11:00:00-04:00,19.25,66.65,80.5,15.811952441325888,60.4615143943866,-4.5,-3.8125,5.89789422166929,13.193213631149971,49.72798781884222,101248.0,1012.48,100.0,1.1563301086425781e-05,0.04162788391113281,36.0,-78.75,216,405,noaa-gfs-forecast,0.2.7,3A7HWV727T9WW44DRYQG,future_b1_20260916T18Z
2026-09-16T18:00:00Z,312,2026-09-29T18:00:00Z,2026-09-29T14:00:00-04:00,21.5,70.7,80.5,18.003107498911934,64.40559349804148,-4.375,-3.8125,5.803083770720529,12.981128692556645,48.93017554572549,101120.0,1011.2,100.0,2.3126602172851562e-05,0.08325576782226562,36.0,-78.75,216,405,noaa-gfs-forecast,0.2.7,3A7HWV727T9WW44DRYQG,future_b1_20260916T18Z
2026-09-16T18:00:00Z,315,2026-09-29T21:00:00Z,2026-09-29T17:00:00-04:00,23.625,74.525,73.5,18.610032204891393,65.4980579688045,-5.4375,-2.65625,6.051617165064227,13.537082062151532,63.9642250331234,100992.0,1009.92,100.0,1.1563301086425781e-05,0.04162788391113281,36.0,-78.75,216,405,noaa-gfs-forecast,0.2.7,3A7HWV727T9WW44DRYQG,future_b1_20260916T18Z
2026-09-16T18:00:00Z,318,2026-09-30T00:00:00Z,2026-09-29T20:00:00-04:00,22.125,71.825,85.0,19.48391642119058,67.07104955814305,-5.5,-1.625,5.735034873477231,12.82890764467883,73.53998518795993,101056.0,1010.56,100.0,4.0531158447265625e-05,0.14591217041015625,36.0,-78.75,216,405,noaa-gfs-forecast,0.2.7,3A7HWV727T9WW44DRYQG,future_b1_20260916T18Z
2026-09-16T18:00:00Z,321,2026-09-30T03:00:00Z,2026-09-29T23:00:00-04:00,21.875,71.375,86.5,19.520094018786548,67.13616923381579,-4.9375,-1.890625,5.287094584043773,11.826893754571778,69.0475876721539,101120.0,1011.2,100.0,4.0531158447265625e-05,0.14591217041015625,36.0,-78.75,216,405,noaa-gfs-forecast,0.2.7,3A7HWV727T9WW44DRYQG,future_b1_20260916T18Z
2026-09-16T18:00:00Z,324,2026-09-30T06:00:00Z,2026-09-30T02:00:00-04:00,20.625,69.125,97.0,20.13159537753402,68.23687167956123,-3.8125,-2.1875,4.39548774312931,9.832426053886241,60.15406805031262,101056.0,1010.56,100.0,8.678436279296875e-05,0.3124237060546875,36.0,-78.75,216,405,noaa-gfs-forecast,0.2.7,3A7HWV727T9WW44DRYQG,future_b1_20260916T18Z
2026-09-16T18:00:00Z,327,2026-09-30T09:00:00Z,2026-09-30T05:00:00-04:00,21.0,69.8,99.0,20.83652769835132,69.50574985703237,-2.96875,-0.8203125,3.0799982402846027,6.889759843156315,74.55368363230741,100992.0,1009.92,100.0,5.1975250244140625e-05,0.18711090087890625,36.0,-78.75,216,405,noaa-gfs-forecast,0.2.7,3A7HWV727T9WW44DRYQG,future_b1_20260916T18Z
2026-09-16T18:00:00Z,330,2026-09-30T12:00:00Z,2026-09-30T08:00:00-04:00,21.375,70.475,98.0,21.045668242707457,69.88220283687342,-2.40625,-0.96875,2.5939382461808917,5.802474602229977,68.07041224982464,101056.0,1010.56,98.0,7.534027099609375e-05,0.2712249755859375,36.0,-78.75,216,405,noaa-gfs-forecast,0.2.7,3A7HWV727T9WW44DRYQG,future_b1_20260916T18Z
2026-09-16T18:00:00Z,333,2026-09-30T15:00:00Z,2026-09-30T11:00:00-04:00,24.75,76.55,80.5,21.16723955630001,70.10103120134002,-2.21875,1.171875,2.5092115451123287,5.612946369703664,117.84162606995781,101056.0,1010.56,61.75,0.0002899169921875,1.043701171875,36.0,-78.75,216,405,noaa-gfs-forecast,0.2.7,3A7HWV727T9WW44DRYQG,future_b1_20260916T18Z
2026-09-16T18:00:00Z,336,2026-09-30T18:00:00Z,2026-09-30T14:00:00-04:00,24.0,75.2,85.0,21.321622433989234,70.37892038118062,-0.4375,1.828125,1.8797465961200728,4.204873380726715,166.54131539138498,100864.0,1008.64,79.0,0.000457763671875,1.64794921875,36.0,-78.75,216,405,noaa-gfs-forecast,0.2.7,3A7HWV727T9WW44DRYQG,future_b1_20260916T18Z
2026-09-16T18:00:00Z,339,2026-09-30T21:00:00Z,2026-09-30T17:00:00-04:00,21.625,70.925,94.5,20.703151191632028,69.26567214493765,1.796875,0.7421875,1.9441198653327036,4.348872282866637,247.55724663470565,100736.0,1007.36,100.0,0.0002727508544921875,0.981903076171875,36.0,-78.75,216,405,noaa-gfs-forecast,0.2.7,3A7HWV727T9WW44DRYQG,future_b1_20260916T18Z
2026-09-16T18:00:00Z,342,2026-10-01T00:00:00Z,2026-09-30T20:00:00-04:00,20.875,69.575,97.5,20.46397289535726,68.83515121164307,1.390625,-0.6484375,1.5343757955700585,3.4323009027605065,294.9992694308204,100736.0,1007.36,100.0,1.1563301086425781e-05,0.04162788391113281,36.0,-78.75,216,405,noaa-gfs-forecast,0.2.7,3A7HWV727T9WW44DRYQG,future_b1_20260916T18Z
2026-09-16T18:00:00Z,345,2026-10-01T03:00:00Z,2026-09-30T23:00:00-04:00,19.875,67.775,98.0,19.54939187619923,67.18890537715862,2.09375,-1.109375,2.369494028927906,5.30040718711503,297.9169130526372,100736.0,1007.36,94.0,1.1563301086425781e-05,0.04162788391113281,36.0,-78.75,216,405,noaa-gfs-forecast,0.2.7,3A7HWV727T9WW44DRYQG,future_b1_20260916T18Z
