latitude,longitude,elevation,utc_offset_seconds,timezone,timezone_abbreviation,,,
35.90628,-78.75,119,-14400,America/New_York,GMT-4,,,
,,,,,,,,
time,temperature_2m (°F),precipitation (inch),wind_speed_10m (mp/h),dew_point_2m (°F),relative_humidity_2m (%),pressure_msl (hPa),cloud_cover (%),wind_direction_10m (°)
2026-09-16T14:00,86.9,NaN,3,58.3,38,1026.3,NaN,77
2026-09-16T15:00,87.3,0,3.4,57.1,36,1025.7,0,67
2026-09-16T16:00,86.8,0,3.9,55.8,35,1025.1,0,59
2026-09-16T17:00,85.9,0,4.1,55.8,36,1024.8,0,61
2026-09-16T18:00,84.4,0,4.3,57.5,40,1024.6,0,62
2026-09-16T19:00,77.9,0,3.9,57.8,50,1024.9,5,59
2026-09-16T20:00,74.5,0,4,56.3,53,1025.3,0,56
2026-09-16T21:00,73.3,0,4.3,55.1,53,1025.9,5,96
2026-09-16T22:00,72.2,0,3.8,54.1,53,1026.2,0,126
2026-09-16T23:00,71.5,0,3,53.4,53,1026.1,0,163
2026-09-17T00:00,70.6,0,3.8,53.1,54,1025.5,0,183
2026-09-17T01:00,69.5,0,3.8,52.6,55,1025.3,0,177
2026-09-17T02:00,68,0,3.8,52.2,57,1025.2,0,180
2026-09-17T03:00,66.8,0,3.7,52.4,60,1024.8,5,218
2026-09-17T04:00,65.9,0,3.3,52.5,62,1024.6,35,228
2026-09-17T05:00,65.2,0,3.2,53.1,65,1024.8,7,214
2026-09-17T06:00,64.8,0,3.3,54.4,69,1025,6,222
2026-09-17T07:00,64.3,0,2.7,54.7,71,1025.1,6,235
2026-09-17T08:00,67.5,0,2.3,56.2,67,1025.6,5,209
2026-09-17T09:00,72.9,0,3,56.3,56,1025.5,0,197
2026-09-17T10:00,77.8,0,3.7,56.5,48,1025.4,0,205
2026-09-17T11:00,81.9,0,4.1,57.2,43,1024.9,0,202
2026-09-17T12:00,85.9,0,4.3,57.3,38,1024.1,0,219
2026-09-17T13:00,88.9,0,4,56.9,34,1023.1,0,232
2026-09-17T14:00,91.1,0,3.7,57.1,32,1022,0,232
2026-09-17T15:00,92.2,0,3.5,57.2,31,1021,0,235
2026-09-17T16:00,92.2,0,3.6,57.2,31,1020.2,0,248
2026-09-17T17:00,91.3,0,3.5,57.3,32,1019.7,0,252
2026-09-17T18:00,89.3,0,3.5,61.1,39,1019.4,6,230
2026-09-17T19:00,83,0,4.3,60.1,46,1019.7,12,219
2026-09-17T20:00,82.1,0,5.1,59.3,46,1020,100,195
2026-09-17T21:00,81.4,0,5.5,59.2,47,1020.5,100,194
2026-09-17T22:00,80.3,0,6,58.2,47,1020.4,100,214
2026-09-17T23:00,78.3,0,5.9,59.2,52,1020.3,100,217
2026-09-18T00:00,77.6,0,5.5,58.6,52,1020.1,91,227
2026-09-18T01:00,74.5,0,5.4,59.2,59,1019.8,8,232
2026-09-18T02:00,73.8,0,5.5,60.4,63,1019.4,11,238
2026-09-18T03:00,74.7,0,4.8,61.3,63,1019,100,242
2026-09-18T04:00,74.7,0,5,61.7,64,1018.8,100,238
2026-09-18T05:00,72.5,0,4.6,61.4,68,1018.8,43,231
2026-09-18T06:00,70.2,0.012,3.7,64.1,81,1018.8,49,232
2026-09-18T07:00,69.7,0.02,4.7,66.3,89,1019,100,235
2026-09-18T08:00,70.9,0,3.9,67.5,89,1019.2,81,239
2026-09-18T09:00,74.7,0,4.3,68.5,81,1019.1,11,242
2026-09-18T10:00,79.7,0,3.5,68.7,69,1019.1,15,255
2026-09-18T11:00,86.4,0,2.6,68.3,55,1018.9,23,308
2026-09-18T12:00,90.5,0,3,67.6,47,1018.4,22,347
2026-09-18T13:00,93.2,0,3.5,66.7,42,1017.5,19,18
2026-09-18T14:00,94.9,0,3.6,66,39,1016.6,16,30
2026-09-18T15:00,95.4,0,4.3,65.8,38,1015.8,7,35
2026-09-18T16:00,95.4,0,5,65,37,1015.1,50,36
2026-09-18T17:00,92.2,0.004,5.6,67.8,45,1015,85,23
2026-09-18T18:00,86,0,7.8,67.5,54,1015.5,100,27
2026-09-18T19:00,82.6,0,9,69.2,64,1016,100,67
2026-09-18T20:00,82.1,0,8.8,69.6,66,1016.2,100,81
2026-09-18T21:00,82.6,0,8.5,69.7,65,1016.6,100,92
2026-09-18T22:00,77.4,0.083,6.9,71.1,81,1017.2,100,88
2026-09-18T23:00,76.1,0.079,7.4,71.3,85,1017.4,100,104
2026-09-19T00:00,74.9,0.028,7,71.1,88,1017.6,51,97
2026-09-19T01:00,73.6,0.067,7.6,70.8,91,1017.8,66,76
2026-09-19T02:00,73.3,0.004,6.5,70.5,91,1017.4,100,84
2026-09-19T03:00,73.3,0,5.8,70.5,91,1017.3,100,77
2026-09-19T04:00,72.2,0,6.8,70.3,94,1017.3,68,56
2026-09-19T05:00,71.8,0,6.4,70.6,96,1017.3,54,65
2026-09-19T06:00,71.1,0,5.8,70.2,97,1017.4,27,62
2026-09-19T07:00,70.6,0,5.6,69.7,97,1017.5,47,56
2026-09-19T08:00,71.5,0,6.2,69.9,95,1018,61,52
2026-09-19T09:00,74,0.004,8,70.2,88,1018.5,69,67
2026-09-19T10:00,76.1,0.004,8.9,70.6,83,1019.1,82,68
2026-09-19T11:00,76.5,0,9.3,69.5,79,1019.3,99,70
2026-09-19T12:00,77.6,0.004,8.7,68.6,74,1019.3,100,78
2026-09-19T13:00,79.2,0,9,68.1,69,1018.8,96,93
2026-09-19T14:00,81,0,7.9,67.7,64,1018.6,78,97
2026-09-19T15:00,80.3,0,6.3,67.9,66,1018.1,100,86
2026-09-19T16:00,79,0,5.8,68.4,70,1017.8,100,86
2026-09-19T17:00,78.3,0,6.4,67.7,70,1017.4,100,102
2026-09-19T18:00,78.1,0,6.4,67.1,69,1017.5,100,108
2026-09-19T19:00,76.3,0,5.1,66.2,71,1017.8,100,113
2026-09-19T20:00,75.1,0,4.2,65.8,73,1018.2,86,115
2026-09-19T21:00,75.4,0,5.5,64.9,70,1018.6,100,117
2026-09-19T22:00,75.2,0,6.4,64.4,69,1018.8,100,115
2026-09-19T23:00,74.5,0,7.1,64.9,72,1018.5,100,118
2026-09-20T00:00,74,0,7.1,66.3,77,1018.3,100,131
2026-09-20T01:00,73.6,0,6.8,66.7,79,1018.1,100,134
2026-09-20T02:00,73.3,0,5.7,66.7,80,1018,100,138
2026-09-20T03:00,73.3,0,5.4,67.1,81,1017.8,100,142
2026-09-20T04:00,73.3,0,5.3,67.1,81,1017.3,100,147
2026-09-20T05:00,72.9,0,5,67.1,82,1016.8,100,159
2026-09-20T06:00,70.4,0,4,67.3,90,1016.7,64,164
2026-09-20T07:00,71.1,0,4.2,67.4,88,1016.5,95,162
2026-09-20T08:00,72.2,0,4.3,67.8,86,1016.7,100,171
2026-09-20T09:00,73.6,0,4.7,68.1,83,1017.1,100,199
2026-09-20T10:00,74.9,0,5.3,68.6,81,1017.1,100,202
2026-09-20T11:00,76.9,0,5.6,68.7,76,1016.8,100,203
2026-09-20T12:00,83.3,0,5.9,69,62,1016,22,223
2026-09-20T13:00,86.6,0,6.2,68,54,1014.8,10,226
2026-09-20T14:00,88.9,0,6.7,66.7,48,1013.8,29,240
2026-09-20T15:00,90.2,0,6.7,66,45,1012.8,46,249
2026-09-20T16:00,89.3,0,5.4,65.2,45,1012.4,87,253
2026-09-20T17:00,83,0.008,2.8,69.1,63,1012.3,100,225
2026-09-20T18:00,80.6,0,5.8,69.5,69,1011.8,100,184
2026-09-20T19:00,80.5,0,5.6,68.9,68,1012.2,100,185
2026-09-20T20:00,79,0,4.8,67.5,68,1013.1,43,214
2026-09-20T21:00,76.1,0.016,8.4,68.8,78,1014.2,7,312
2026-09-20T22:00,72.2,0.028,3,69.4,91,1014.4,100,312
2026-09-20T23:00,70.7,0.031,4.2,68.3,92,1014.2,100,286
2026-09-21T00:00,70.6,0,3.7,67.8,91,1013.4,100,256
2026-09-21T01:00,70.7,0,3.8,68,91,1012.9,100,230
2026-09-21T02:00,70.6,0,4.1,67.8,91,1013.3,100,248
2026-09-21T03:00,69.7,0,4.9,67.5,93,1013.1,62,223
2026-09-21T04:00,69.5,0,4.8,67.7,94,1013.3,64,242
2026-09-21T05:00,69.5,0,4.4,68,95,1013.2,67,240
2026-09-21T06:00,69.7,0,4.1,68.2,95,1013.2,22,241
2026-09-21T07:00,69.7,0,4.3,68.5,96,1013.5,71,219
2026-09-21T08:00,71.6,0,3.5,69.2,92,1014.5,61,235
2026-09-21T09:00,75.2,0,4.3,70.1,84,1014.9,83,235
2026-09-21T10:00,79.7,0,3.3,69.5,71,1015.3,100,254
2026-09-21T11:00,80.1,0,4.2,69,69,1015.8,100,328
2026-09-21T12:00,75.8,0,5.9,69.5,81,1016.1,100,353
2026-09-21T13:00,74.3,0,3.2,68.8,83,1015.6,100,348
2026-09-21T14:00,77,0,1.6,68.9,76,1014.8,100,315
2026-09-21T15:00,76.2,0.017,4.2,69.9,81,1014.9,100,12
2026-09-21T16:00,75.4,0.017,9.3,71.1,87,1015.2,100,22
2026-09-21T17:00,74,0.017,12.7,71.2,91,1015.6,100,26
2026-09-21T18:00,71.1,0.012,12.7,69.1,93,1016.1,100,32
2026-09-21T19:00,67.6,0.012,11.2,65.9,94,1016.7,100,40
2026-09-21T20:00,65,0.012,10,63.5,95,1017.3,100,46
2026-09-21T21:00,64.2,0.003,9.2,62.9,95,1018,100,45
2026-09-21T22:00,64.5,0.003,8.5,63.1,95,1018.7,100,38
2026-09-21T23:00,64.6,0.003,8.1,63.1,95,1019.3,100,32
2026-09-22T00:00,64.2,0,8.3,62.6,94,1019.5,100,27
2026-09-22T01:00,63.8,0,8.8,61.8,94,1019.6,100,23
2026-09-22T02:00,63.4,0,9.1,61.3,93,1019.6,100,20
2026-09-22T03:00,63.1,0.001,8.7,61.1,93,1019.6,100,17
2026-09-22T04:00,63,0.001,8,61,93,1019.6,100,14
2026-09-22T05:00,62.8,0.001,7.5,61.1,94,1019.8,100,12
2026-09-22T06:00,62.5,0.01,7.6,61.1,95,1020.2,100,13
2026-09-22T07:00,62.2,0.01,7.9,61.2,96,1020.7,100,15
2026-09-22T08:00,62.3,0.01,8.2,61.4,97,1021.2,100,17
2026-09-22T09:00,62.8,0.001,8.4,61.9,97,1021.8,100,20
2026-09-22T10:00,63.7,0.001,8.6,62.6,96,1022.4,100,23
2026-09-22T11:00,64.8,0.001,8.7,63.3,95,1022.8,100,26
2026-09-22T12:00,66.4,0.001,8.7,64.1,92,1022.8,100,27
2026-09-22T13:00,68.3,0.001,8.7,65,89,1022.7,100,28
2026-09-22T14:00,69.8,0.001,8.8,65.5,86,1022.5,100,30
2026-09-22T15:00,71,0,9.5,65.5,83,1022.3,100,35
2026-09-22T16:00,71.9,0,10.5,65.3,80,1022,100,39
2026-09-22T17:00,72.2,0,11.1,64.9,78,1022,100,42
2026-09-22T18:00,71.6,0,10.9,64.5,79,1022.4,100,42
2026-09-22T19:00,70.4,0,10.4,64.1,80,1023.1,100,41
2026-09-22T20:00,69.3,0,10,63.6,82,1023.6,100,40
2026-09-22T21:00,68.6,0.001,10,63,82,1023.9,100,40
2026-09-22T22:00,68.1,0.001,10.1,62.5,82,1024.1,100,39
2026-09-22T23:00,67.5,0.001,10.2,62.1,83,1024.2,100,38
2026-09-23T00:00,66.6,0.008,10.3,62.1,85,1024.2,100,36
2026-09-23T01:00,65.6,0.008,10.5,62.2,89,1024.2,100,33
2026-09-23T02:00,64.8,0.008,10.6,62.1,91,1024.1,100,30
2026-09-23T03:00,64.3,0.003,10.5,61.8,92,1024,100,29
2026-09-23T04:00,63.9,0.003,10.3,61.5,92,1023.8,100,27
2026-09-23T05:00,63.7,0.003,10.2,61,91,1023.8,100,26
2026-09-23T06:00,63.5,0.001,10.4,60.2,89,1024.1,100,24
2026-09-23T07:00,63.5,0.001,10.6,59.3,86,1024.5,100,22
2026-09-23T08:00,64.1,0.001,10.8,58.8,83,1024.9,100,22
2026-09-23T09:00,65.6,0,10.9,59,79,1025.1,100,23
2026-09-23T10:00,67.7,0,11,59.7,76,1025.1,100,26
2026-09-23T11:00,69.3,0,11.1,60.3,73,1025.1,100,28
2026-09-23T12:00,70,0,11.3,60.8,73,1024.9,100,28
2026-09-23T13:00,70.3,0,11.6,61.5,74,1024.6,100,27
2026-09-23T14:00,70.7,0,11.7,62,74,1024.2,100,26
2026-09-23T15:00,72,0,11.5,62.5,72,1023.6,100,26
2026-09-23T16:00,73.4,0,11.1,62.9,70,1022.9,100,25
2026-09-23T17:00,73.8,0,10.8,63,69,1022.5,100,24
2026-09-23T18:00,72.3,0,10.9,62.8,72,1022.5,100,24
2026-09-23T19:00,69.9,0,11.1,62.2,77,1022.6,100,24
2026-09-23T20:00,68,0,11,61.6,80,1022.8,100,24
2026-09-23T21:00,67.4,0,10.2,61.2,80,1023,100,23
2026-09-23T22:00,67.3,0,9.1,60.8,80,1023.1,100,20
2026-09-23T23:00,67.3,0,8.4,60.6,79,1023.1,100,17
2026-09-24T00:00,67.4,0,8.6,60.6,79,1022.8,100,14
2026-09-24T01:00,67.6,0,9.1,60.9,79,1022.4,100,10
2026-09-24T02:00,67.5,0,9.5,61.1,80,1022,100,8
2026-09-24T03:00,66.7,0,9.4,61.2,82,1021.7,83,6
2026-09-24T04:00,65.5,0,9,61.2,86,1021.5,60,5
2026-09-24T05:00,64.8,0,8.8,61.2,88,1021.5,49,4
2026-09-24T06:00,64.4,0,8.6,61.1,89,1021.8,62,5
2026-09-24T07:00,64.4,0,8.6,61.2,89,1022.2,85,6
2026-09-24T08:00,65.5,0,8.6,61.5,87,1022.5,100,10
2026-09-24T09:00,68.5,0,9,62.4,81,1022.5,96,19
2026-09-24T10:00,72.7,0,9.7,63.1,72,1022.3,82,28
2026-09-24T11:00,76.5,0,10.3,63.4,64,1022,68,34
2026-09-24T12:00,79.9,0,10.5,63.3,57,1021.5,52,38
2026-09-24T13:00,83,0,10.4,62.7,50,1020.9,36,39
2026-09-24T14:00,84.6,0,10.1,62.2,47,1020.4,31,41
2026-09-24T15:00,83.8,0,9.6,62.3,48,1019.9,45,44
2026-09-24T16:00,81.6,0,8.8,62.6,53,1019.4,70,47
2026-09-24T17:00,79.4,0,8.1,62.8,57,1019.2,90,51
2026-09-24T18:00,77.9,0,7.6,62.8,60,1019.4,99,57
2026-09-24T19:00,76.5,0,7.2,62.8,63,1019.8,100,65
2026-09-24T20:00,74.9,0,6.7,62.8,66,1020.2,100,70
2026-09-24T21:00,72.6,0,5.6,62.6,71,1020.5,88,70
2026-09-24T22:00,70.1,0,4.3,62.3,76,1020.8,70,62
2026-09-24T23:00,68,0,3.5,62,81,1020.9,58,50
2026-09-25T00:00,66.7,0,3.7,61.8,84,1020.8,60,39
2026-09-25T01:00,65.8,0,4.4,61.7,87,1020.6,67,33
2026-09-25T02:00,65,0,4.9,61.7,89,1020.4,67,30
2026-09-25T03:00,64.1,0,5,61.7,92,1020.3,49,31
2026-09-25T04:00,63.4,0,4.8,61.8,95,1020.2,23,34
2026-09-25T05:00,63,0,4.7,61.8,96,1020.2,6,35
2026-09-25T06:00,62.6,0,4.3,61.7,97,1020.5,5,31
2026-09-25T07:00,62.5,0,4,61.5,96,1020.8,12,23
2026-09-25T08:00,63.9,0,4,61.5,92,1021.1,22,19
2026-09-25T09:00,67.8,0,4.6,61.7,81,1021.2,38,26
2026-09-25T10:00,73.2,0,5.5,61,66,1021.3,56,34
2026-09-25T11:00,77.8,0,6.2,59.3,53,1021,67,38
2026-09-25T12:00,80.8,0,6.6,57.4,45,1020.3,62,36
2026-09-25T13:00,83.1,0,6.8,55.6,39,1019.3,49,33
2026-09-25T14:00,84.6,0,6.8,53.9,35,1018.4,37,32
2026-09-25T15:00,85.7,0,6.5,52.8,32,1017.6,31,35
2026-09-25T16:00,86,0,6,52.4,32,1016.8,28,41
2026-09-25T17:00,85,0,5.5,52.6,33,1016.4,24,47
2026-09-25T18:00,81.5,0,5.3,53.4,38,1016.5,18,49
2026-09-25T19:00,76.8,0,5,53.9,45,1016.9,11,50
2026-09-25T20:00,72.9,0,4.7,53.7,51,1017.2,9,55
2026-09-25T21:00,71,0,4.1,53.6,54,1017.4,15,70
2026-09-25T22:00,70,0,3.9,53.6,56,1017.5,26,92
2026-09-25T23:00,69.1,0,3.9,53.7,58,1017.7,31,103
2026-09-26T00:00,68.3,0,3.4,53.8,60,1017.9,25,96
2026-09-26T01:00,67.5,0,3,53.9,62,1018.1,14,71
2026-09-26T02:00,66.6,0,3.3,54,64,1018.3,8,48
2026-09-26T03:00,65,0,4,54.3,68,1018.4,12,35
2026-09-26T04:00,63.3,0,4.9,54.4,73,1018.4,21,29
2026-09-26T05:00,62.1,0,5.8,54.4,76,1018.6,35,28
2026-09-26T06:00,61.7,0,6.5,54.7,78,1019,56,31
2026-09-26T07:00,61.9,0,7.2,54.9,78,1019.5,82,36
2026-09-26T08:00,62.8,0,7.9,54.4,74,1020,100,40
2026-09-26T09:00,64.8,0,9,51.9,63,1020.5,100,45
2026-09-26T10:00,67.5,0,10.1,47.3,48,1020.9,100,48
2026-09-26T11:00,69.8,0,10.6,42.4,37,1021,100,49
2026-09-26T12:00,71.8,0,10,40.5,32,1020.7,100,47
2026-09-26T13:00,73.5,0,8.7,40.9,31,1020.1,100,42
2026-09-26T14:00,74.2,0,7.8,41.6,31,1019.5,100,37
2026-09-26T15:00,73.4,0,7.5,42.2,33,1019,100,36
2026-09-26T16:00,71.6,0,7.4,43,36,1018.5,100,38
2026-09-26T17:00,69.8,0,7.3,43.1,38,1018.2,100,40
2026-09-26T18:00,68.2,0,7.1,42.1,39,1018.4,100,42
2026-09-26T19:00,66.5,0,6.9,40.6,39,1018.8,100,44
2026-09-26T20:00,65.2,0,6.8,39.6,39,1019.1,100,46
2026-09-26T21:00,64.5,0,6.8,39.4,40,1019.3,100,47
2026-09-26T22:00,64.1,0,6.8,39.6,40,1019.4,100,47
2026-09-26T23:00,63.7,0,6.8,39.6,41,1019.5,100,49
2026-09-27T00:00,63.1,0,6.7,39.1,41,1019.6,100,58
2026-09-27T01:00,62.5,0,6.8,38.4,41,1019.7,100,70
2026-09-27T02:00,61.7,0,6.9,37.8,41,1019.7,100,75
2026-09-27T03:00,60.8,0,6.9,37.3,42,1019.4,100,69
2026-09-27T04:00,59.7,0,7,36.9,43,1019,100,56
2026-09-27T05:00,58.7,0,7.3,36.8,44,1018.8,100,47
2026-09-27T06:00,57.5,0,7.2,37,46,1019.1,100,45
2026-09-27T07:00,56.3,0,6.9,37.4,49,1019.6,100,45
2026-09-27T08:00,56.3,0,7,37.9,50,1020,100,45
2026-09-27T09:00,58.3,0,7.9,38.6,48,1020,100,45
2026-09-27T10:00,61.5,0,9.2,39.1,44,1019.9,100,46
2026-09-27T11:00,64.3,0,10.1,39.4,40,1019.6,100,47
2026-09-27T12:00,66.1,0,10.2,39.6,38,1019.2,100,49
2026-09-27T13:00,67.6,0,9.8,39.7,36,1018.8,100,52
2026-09-27T14:00,68.6,0,9.6,39.8,35,1018.2,100,54
2026-09-27T15:00,69.2,0,9.8,40.2,35,1017.4,100,56
2026-09-27T16:00,69.3,0,10.1,40.6,35,1016.5,100,56
2026-09-27T17:00,68.6,0,10.1,41.3,37,1016,100,55
2026-09-27T18:00,66.3,0,9.5,41.9,41,1016.1,100,50
2026-09-27T19:00,63.2,0,8.7,42.2,46,1016.6,100,42
2026-09-27T20:00,60.7,0,8.1,42.4,51,1017,100,37
2026-09-27T21:00,59.3,0,7.8,42.9,54,1017.1,100,42
2026-09-27T22:00,58.6,0,7.8,43.5,57,1017.1,100,52
2026-09-27T23:00,58,0,7.9,44.1,60,1017,100,58
2026-09-28T00:00,57.1,0,8,44.6,63,1016.9,100,57
2026-09-28T01:00,56.3,0,8.2,44.9,66,1016.6,100,53
2026-09-28T02:00,55.8,0,8.4,45.4,68,1016.3,100,48
2026-09-28T03:00,55.9,0,8.8,46.1,69,1015.7,100,44
2026-09-28T04:00,56.4,0,9.3,46.9,70,1015,100,39
2026-09-28T05:00,56.9,0,9.9,47.6,71,1014.5,100,36
2026-09-28T06:00,57,0,10.8,48.1,72,1014.4,100,35
2026-09-28T07:00,57.2,0,11.8,48.5,72,1014.6,100,35
2026-09-28T08:00,58.1,0,12.6,48.8,71,1014.8,100,37
2026-09-28T09:00,60.3,0,13.2,48.9,66,1015,100,41
2026-09-28T10:00,63.2,0,13.7,48.6,59,1015.2,100,45
2026-09-28T11:00,65.7,0,14.1,48.1,53,1015,100,48
2026-09-28T12:00,67.7,0,14.4,47.9,49,1014.3,100,50
2026-09-28T13:00,69.4,0,14.6,47.8,46,1013.2,100,50
2026-09-28T14:00,70.4,0,14.8,48,45,1012.3,100,51
2026-09-28T15:00,70.3,0,15,48.7,46,1011.7,100,51
2026-09-28T16:00,69.5,0,15.2,49.7,49,1011.2,100,50
2026-09-28T17:00,68.6,0,15.1,50.8,53,1010.9,100,50
2026-09-28T18:00,67.5,0,14.4,51.9,57,1011,100,51
2026-09-28T19:00,66.3,0,13.3,53,62,1011.4,100,53
2026-09-28T20:00,65.3,0,12.6,53.7,66,1011.7,100,53
2026-09-28T21:00,64.8,0,12.5,54,68,1011.8,100,51
2026-09-28T22:00,64.4,0,12.7,54,69,1011.9,100,49
2026-09-28T23:00,64.1,0,13,54.1,70,1011.8,100,46
2026-09-29T00:00,63.7,0,13.4,54.1,71,1011.5,100,45
2026-09-29T01:00,63.3,0,13.9,54.1,72,1011.2,100,43
2026-09-29T02:00,63.2,0,14.3,54.4,73,1010.9,100,42
2026-09-29T03:00,63.3,0,14.2,55,75,1010.7,100,42
2026-09-29T04:00,63.6,0,14,56,76,1010.7,100,41
2026-09-29T05:00,63.8,0,13.8,56.8,78,1010.7,100,40
2026-09-29T06:00,63.9,0.001,13.9,57.5,80,1011,100,40
2026-09-29T07:00,63.9,0.001,14,58.1,81,1011.3,100,41
2026-09-29T08:00,64.1,0.001,14.1,58.8,83,1011.7,100,42
2026-09-29T09:00,64.4,0.005,14.1,59.6,84,1012.1,100,45
2026-09-29T10:00,64.8,0.005,14.1,60.4,86,1012.4,100,49
2026-09-29T11:00,65.7,0.005,14,61.4,86,1012.5,100,51
2026-09-29T12:00,67.3,0.001,13.6,62.5,85,1012.2,100,50
2026-09-29T13:00,69.4,0.001,13,63.7,82,1011.6,100,48
2026-09-29T14:00,71.1,0.001,12.7,64.6,80,1011.1,100,48
2026-09-29T15:00,72.4,0.005,12.7,65.2,78,1010.6,100,54
2026-09-29T16:00,73.4,0.005,13.3,65.7,77,1010.2,100,62
2026-09-29T17:00,73.8,0.005,13.7,66.1,77,1010,100,68
2026-09-29T18:00,73.2,0.007,13.8,66.7,80,1010.2,100,71
2026-09-29T19:00,71.9,0.007,13.5,67.2,85,1010.5,100,72
2026-09-29T20:00,70.9,0.007,13.2,67.5,89,1010.9,100,72
2026-09-29T21:00,70.5,0.007,12.8,67.6,91,1011.2,100,73
2026-09-29T22:00,70.4,0.007,12.3,67.7,91,1011.4,100,72
2026-09-29T23:00,70.2,0.007,11.8,67.8,92,1011.5,100,71
2026-09-30T00:00,69.8,0.013,11.3,67.9,94,1011.3,100,68
2026-09-30T01:00,69.4,0.013,10.7,68.1,96,1010.9,100,64
2026-09-30T02:00,69.2,0.013,9.9,68.3,97,1010.6,100,62
2026-09-30T03:00,69.4,0.007,8.7,68.7,98,1010.3,100,65
2026-09-30T04:00,69.7,0.007,7.3,69.1,98,1010,100,72
2026-09-30T05:00,70,0.007,6.4,69.4,98,1009.9,100,80
2026-09-30T06:00,69.9,0.016,5.9,69.4,98,1010.1,100,82
2026-09-30T07:00,69.7,0.016,5.6,69.3,99,1010.5,99,81
2026-09-30T08:00,70.2,0.016,5.2,69.3,97,1010.8,94,85
2026-09-30T09:00,72.1,0.054,4.9,69.6,92,1010.9,80,103
2026-09-30T10:00,74.8,0.054,5.4,69.8,85,1011,62,124
2026-09-30T11:00,76.5,0.054,5.9,69.9,80,1010.8,54,140
2026-09-30T12:00,76.5,0.06,5.4,69.9,80,1010.3,65,152
2026-09-30T13:00,75.6,0.06,4.6,70.1,83,1009.6,85,167
2026-09-30T14:00,74.5,0.06,4.1,70,86,1008.9,100,186
2026-09-30T15:00,73.2,0.031,3.8,69.9,89,1008.3,100,208
2026-09-30T16:00,71.6,0.031,4,69.6,93,1007.7,100,231
2026-09-30T17:00,70.4,0.031,4.4,69.2,96,1007.3,99,246
2026-09-30T18:00,69.7,0,4.5,68.8,97,1007.2,99,253
2026-09-30T19:00,69.2,0,4.2,68.3,97,1007.2,100,257
2026-09-30T20:00,68.9,0,4.1,68,97,1007.3,100,264
2026-09-30T21:00,68.8,0.001,4.3,68,97,1007.3,100,277
2026-09-30T22:00,68.8,0.001,4.9,68.2,98,1007.3,100,291
2026-09-30T23:00,68.6,0.001,5.5,68,98,1007.2,100,297
2026-10-01T00:00,67.9,0,5.9,67.2,98,1007.1,95,295
2026-10-01T01:00,67,0,6.1,66.2,97,1006.9,87,290
2026-10-01T02:00,66.2,0,6.2,65.4,97,1006.7,76,285
2026-10-01T03:00,65.7,0,6.2,64.8,97,1006.4,59,280
2026-10-01T04:00,65.2,0,6.2,64.4,97,1006.2,38,274
2026-10-01T05:00,65,0,6,64.1,97,1006,21,270
2026-10-01T06:00,64.5,0,5.7,63.8,98,1006,11,267
2026-10-01T07:00,64.2,0,5.2,63.7,98,1006.1,5,266
2026-10-01T08:00,65.5,0,5.1,64,95,1006.2,1,268
2026-10-01T09:00,69.8,0,5.8,65,85,1006.3,0,274
2026-10-01T10:00,75.8,0,6.9,65.5,70,1006.5,0,280
2026-10-01T11:00,81,0,8,64.8,58,1006.3,0,283
2026-10-01T12:00,84.5,0,9.3,63.3,49,1005.6,0,281
2026-10-01T13:00,87.1,0,10.7,61.3,42,1004.7,0,278
2026-10-01T14:00,89.1,0,11.2,59.4,37,1003.8,0,275
2026-10-01T15:00,90.7,0,10.5,58.4,34,1002.9,0,267
2026-10-01T16:00,91.6,0,9.2,58.2,33,1002.1,0,256
2026-10-01T17:00,90.7,0,7.9,58.5,34,1001.7,0,250
2026-10-01T18:00,86.7,0,6.1,59.1,39,1002.1,0,259
2026-10-01T19:00,81,0,4.8,59,47,1002.9,0,289
2026-10-01T20:00,76.1,0,5.2,57.8,53,1003.8,0,320
2026-10-01T21:00,73.4,0,6.2,56,54,1004.7,0,338
2026-10-01T22:00,71.6,0,7.3,54,54,1005.6,0,349
2026-10-01T23:00,70,0,8.4,52.6,54,1006.3,0,352
2026-10-02T00:00,68.5,0,9.1,52.2,56,1006.6,0,349
2026-10-02T01:00,67.1,0,9.8,52.2,59,1006.8,0,342
2026-10-02T02:00,65.9,0,10.2,52,61,1006.9,0,337
2026-10-02T03:00,64.6,0,10.3,51.3,62,1007,0,333
2026-10-02T04:00,63.4,0,10.2,50.5,63,1007.1,0,329
2026-10-02T05:00,62.3,0,10,49.9,64,1007.3,0,326
2026-10-02T06:00,60.9,0,9.5,50.2,68,1007.8,0,321
2026-10-02T07:00,59.7,0,9,50.6,72,1008.5,0,316
2026-10-02T08:00,59.8,0,8.9,50.7,72,1009.1,0,315
2026-10-02T09:00,62,0,9.4,49.9,65,1009.7,22,324
2026-10-02T10:00,65.5,0,10.6,48,53,1010.3,52,336
2026-10-02T11:00,68.2,0,11.7,45.5,44,1010.7,73,343
2026-10-02T12:00,69.5,0,11.7,43.8,40,1010.7,77,345
2026-10-02T13:00,70,0,11.3,42.8,37,1010.4,71,345
