hour_utc,observation_time_utc,minute,actual_temp_c,actual_temp_f,metar_type,raw_ob,actual_source
2026-09-28 04:00:00+00:00,2026-09-28 04:51:00+00:00,51,17.8,64.04,METAR,METAR KRDU 280451Z 35003KT 10SM FEW073 18/10 A2988 RMK AO2 SLP115 T01780100 402670128,NOAA_AWC_METAR
2026-09-28 05:00:00+00:00,2026-09-28 05:51:00+00:00,51,16.1,60.980000000000004,METAR,METAR KRDU 280551Z 00000KT 10SM CLR 16/11 A2988 RMK AO2 SLP115 T01610111 10217 20161 51005,NOAA_AWC_METAR
2026-09-28 06:00:00+00:00,2026-09-28 06:51:00+00:00,51,14.4,57.92,METAR,METAR KRDU 280651Z 00000KT 10SM CLR 14/11 A2989 RMK AO2 SLP117 T01440111,NOAA_AWC_METAR
2026-09-28 07:00:00+00:00,2026-09-28 07:51:00+00:00,51,14.4,57.92,METAR,METAR KRDU 280751Z 00000KT 10SM CLR 14/11 A2989 RMK AO2 SLP118 T01440111,NOAA_AWC_METAR
2026-09-28 08:00:00+00:00,2026-09-28 08:51:00+00:00,51,13.9,57.02,METAR,METAR KRDU 280851Z 00000KT 9SM CLR 14/11 A2989 RMK AO2 SLP119 T01390106 51004,NOAA_AWC_METAR
2026-09-28 09:00:00+00:00,2026-09-28 09:51:00+00:00,51,13.3,55.94,METAR,METAR KRDU 280951Z 00000KT 9SM FEW250 13/11 A2990 RMK AO2 SLP124 T01330106,NOAA_AWC_METAR
2026-09-28 10:00:00+00:00,2026-09-28 10:51:00+00:00,51,13.3,55.94,METAR,METAR KRDU 281051Z 00000KT 10SM FEW100 13/11 A2992 RMK AO2 SLP129 T01330111,NOAA_AWC_METAR
2026-09-28 11:00:00+00:00,2026-09-28 11:51:00+00:00,51,14.4,57.92,METAR,METAR KRDU 281151Z 00000KT 10SM FEW100 14/12 A2993 RMK AO2 SLP133 T01440117 10161 20122 53013,NOAA_AWC_METAR
2026-09-28 12:00:00+00:00,2026-09-28 12:51:00+00:00,51,17.2,62.959999999999994,METAR,METAR KRDU 281251Z 21004KT 10SM FEW100 SCT250 17/12 A2995 RMK AO2 SLP138 T01720122,NOAA_AWC_METAR
2026-09-28 13:00:00+00:00,2026-09-28 13:51:00+00:00,51,20.6,69.08,METAR,METAR KRDU 281351Z 21005KT 10SM FEW120 SCT250 21/11 A2996 RMK AO2 SLP141 T02060111,NOAA_AWC_METAR
2026-09-28 14:00:00+00:00,2026-09-28 14:51:00+00:00,51,22.8,73.04,METAR,METAR KRDU 281451Z 22004KT 10SM FEW120 FEW250 23/12 A2996 RMK AO2 SLP141 T02280117 51009,NOAA_AWC_METAR
2026-09-28 15:00:00+00:00,2026-09-28 15:51:00+00:00,51,23.9,75.02,METAR,METAR KRDU 281551Z 29004KT 10SM FEW055 FEW250 24/11 A2995 RMK AO2 SLP138 T02390111,NOAA_AWC_METAR
2026-09-28 16:00:00+00:00,2026-09-28 16:51:00+00:00,51,24.4,75.92,METAR,METAR KRDU 281651Z 26006G16KT 10SM FEW055 FEW250 24/12 A2994 RMK AO2 SLP134 T02440117,NOAA_AWC_METAR
2026-09-28 17:00:00+00:00,2026-09-28 17:51:00+00:00,51,25.6,78.08,METAR,METAR KRDU 281751Z VRB05KT 10SM SCT055 SCT110 26/11 A2992 RMK AO2 SLP128 T02560111 10261 20144 58013,NOAA_AWC_METAR
2026-09-28 18:00:00+00:00,2026-09-28 18:51:00+00:00,51,26.7,80.06,METAR,METAR KRDU 281851Z 23003KT 10SM BKN055 BKN110 27/11 A2990 RMK AO2 SLP121 T02670111,NOAA_AWC_METAR
2026-09-28 19:00:00+00:00,2026-09-28 19:51:00+00:00,51,26.7,80.06,METAR,METAR KRDU 281951Z 36006KT 10SM BKN060 27/12 A2989 RMK AO2 SLP119 T02670122,NOAA_AWC_METAR
2026-09-28 20:00:00+00:00,2026-09-28 20:51:00+00:00,51,25.6,78.08,METAR,METAR KRDU 282051Z VRB05KT 10SM BKN060 26/12 A2989 RMK AO2 SLP118 T02560122 56010,NOAA_AWC_METAR
2026-09-28 21:00:00+00:00,2026-09-28 21:51:00+00:00,51,25.6,78.08,METAR,METAR KRDU 282151Z 34005KT 10SM BKN060 26/12 A2990 RMK AO2 SLP123 T02560122,NOAA_AWC_METAR
2026-09-28 22:00:00+00:00,2026-09-28 22:51:00+00:00,51,24.4,75.92,METAR,METAR KRDU 282251Z 36004KT 10SM BKN060 24/13 A2993 RMK AO2 SLP131 T02440128,NOAA_AWC_METAR
2026-09-28 23:00:00+00:00,2026-09-28 23:51:00+00:00,51,22.8,73.04,METAR,METAR KRDU 282351Z 05003KT 10SM BKN060 23/13 A2994 RMK AO2 SLP136 T02280133 10267 20222 53017,NOAA_AWC_METAR
2026-09-29 00:00:00+00:00,2026-09-29 00:51:00+00:00,51,21.7,71.06,METAR,METAR KRDU 290051Z 04003KT 10SM BKN065 BKN250 22/14 A2997 RMK AO2 SLP145 T02170139,NOAA_AWC_METAR
2026-09-29 01:00:00+00:00,2026-09-29 01:51:00+00:00,51,21.7,71.06,METAR,METAR KRDU 290151Z 00000KT 10SM BKN065 OVC250 22/15 A2999 RMK AO2 SLP151 T02170150,NOAA_AWC_METAR
2026-09-29 02:00:00+00:00,2026-09-29 02:51:00+00:00,51,21.1,69.98,METAR,METAR KRDU 290251Z 00000KT 10SM BKN070 OVC250 21/15 A3000 RMK AO2 SLP155 T02110150 51019,NOAA_AWC_METAR
2026-09-29 03:00:00+00:00,2026-09-29 03:51:00+00:00,51,19.4,66.92,METAR,METAR KRDU 290351Z 00000KT 10SM BKN060 BKN075 BKN250 19/15 A3000 RMK AO2 SLP156 T01940150,NOAA_AWC_METAR
2026-09-29 04:00:00+00:00,2026-09-29 04:51:00+00:00,51,20.0,68.0,METAR,METAR KRDU 290451Z 00000KT 10SM BKN065 BKN250 20/16 A3000 RMK AO2 SLP155 T02000161 402670122,NOAA_AWC_METAR
2026-09-29 05:00:00+00:00,2026-09-29 05:51:00+00:00,51,20.6,69.08,METAR,METAR KRDU 290551Z 00000KT 10SM OVC065 21/15 A3000 RMK AO2 SLP154 T02060150 10222 20194 50000,NOAA_AWC_METAR
2026-09-29 06:00:00+00:00,2026-09-29 06:51:00+00:00,51,20.6,69.08,METAR,METAR KRDU 290651Z 11003KT 10SM OVC065 21/15 A3000 RMK AO2 SLP155 T02060150,NOAA_AWC_METAR
2026-09-29 07:00:00+00:00,2026-09-29 07:51:00+00:00,51,20.0,68.0,METAR,METAR KRDU 290751Z 00000KT 10SM BKN065 20/16 A2999 RMK AO2 SLP152 T02000156,NOAA_AWC_METAR
2026-09-29 08:00:00+00:00,2026-09-29 08:51:00+00:00,51,20.0,68.0,METAR,METAR KRDU 290851Z 35003KT 10SM BKN065 20/15 A2999 RMK AO2 SLP150 T02000150 58004,NOAA_AWC_METAR
2026-09-29 09:00:00+00:00,2026-09-29 09:51:00+00:00,51,20.0,68.0,METAR,METAR KRDU 290951Z 00000KT 10SM BKN065 20/14 A3001 RMK AO2 SLP156 T02000144,NOAA_AWC_METAR
2026-09-29 10:00:00+00:00,2026-09-29 10:51:00+00:00,51,18.3,64.94,METAR,METAR KRDU 291051Z 33003KT 10SM FEW065 18/15 A3002 RMK AO2 SLP161 T01830150,NOAA_AWC_METAR
2026-09-29 11:00:00+00:00,2026-09-29 11:51:00+00:00,51,18.9,66.02,METAR,METAR KRDU 291151Z 35003KT 10SM FEW065 19/15 A3004 RMK AO2 SLP168 T01890150 10206 20178 53016,NOAA_AWC_METAR
2026-09-29 12:00:00+00:00,2026-09-29 12:51:00+00:00,51,20.6,69.08,METAR,METAR KRDU 291251Z 01004KT 10SM FEW065 21/15 A3005 RMK AO2 SLP171 T02060150,NOAA_AWC_METAR
2026-09-29 13:00:00+00:00,2026-09-29 13:51:00+00:00,51,22.8,73.04,METAR,METAR KRDU 291351Z 02004KT 10SM FEW070 FEW250 23/15 A3006 RMK AO2 SLP174 T02280150,NOAA_AWC_METAR
2026-09-29 14:00:00+00:00,2026-09-29 14:51:00+00:00,51,25.0,77.0,METAR,METAR KRDU 291451Z VRB03KT 10SM FEW070 FEW250 25/14 A3006 RMK AO2 SLP175 T02500144 51008,NOAA_AWC_METAR
2026-09-29 15:00:00+00:00,2026-09-29 15:51:00+00:00,51,26.7,80.06,METAR,METAR KRDU 291551Z 03003KT 10SM SCT045 27/14 A3007 RMK AO2 SLP176 T02670139,NOAA_AWC_METAR
2026-09-29 16:00:00+00:00,2026-09-29 16:51:00+00:00,51,25.6,78.08,METAR,METAR KRDU 291651Z 25003KT 10SM SCT047 BKN060 26/14 A3006 RMK AO2 SLP173 T02560139,NOAA_AWC_METAR
2026-09-29 17:00:00+00:00,2026-09-29 17:51:00+00:00,51,26.1,78.98,METAR,METAR KRDU 291751Z 02003KT 10SM SCT050 BKN060 26/13 A3004 RMK AO2 SLP167 T02610133 10272 20189 58008,NOAA_AWC_METAR
2026-09-29 18:00:00+00:00,2026-09-29 18:51:00+00:00,51,26.7,80.06,METAR,METAR KRDU 291851Z VRB05KT 10SM SCT050 BKN060 27/15 A3002 RMK AO2 SLP162 T02670150,NOAA_AWC_METAR
2026-09-29 19:00:00+00:00,2026-09-29 19:51:00+00:00,51,26.1,78.98,METAR,METAR KRDU 291951Z 02005KT 10SM SCT050 BKN060 26/15 A3002 RMK AO2 SLP160 T02610150,NOAA_AWC_METAR
2026-09-29 20:00:00+00:00,2026-09-29 20:51:00+00:00,51,26.1,78.98,METAR,METAR KRDU 292051Z VRB03KT 10SM FEW050 BKN060 26/15 A3002 RMK AO2 SLP159 T02610150 56008,NOAA_AWC_METAR
2026-09-29 21:00:00+00:00,2026-09-29 21:51:00+00:00,51,26.7,80.06,METAR,METAR KRDU 292151Z 01005KT 10SM FEW050 SCT060 27/15 A3002 RMK AO2 SLP160 T02670150,NOAA_AWC_METAR
2026-09-29 22:00:00+00:00,2026-09-29 22:51:00+00:00,51,24.4,75.92,METAR,METAR KRDU 292251Z 02004KT 10SM FEW050 SCT060 24/16 A3003 RMK AO2 SLP167 T02440156,NOAA_AWC_METAR
2026-09-29 23:00:00+00:00,2026-09-29 23:51:00+00:00,51,21.7,71.06,METAR,METAR KRDU 292351Z 03004KT 10SM FEW050 FEW060 SCT250 22/16 A3005 RMK AO2 SLP171 T02170156 10278 20217 53011,NOAA_AWC_METAR
2026-09-30 00:00:00+00:00,2026-09-30 00:51:00+00:00,51,21.7,71.06,METAR,METAR KRDU 300051Z 04003KT 10SM SCT060 SCT250 22/16 A3007 RMK AO2 SLP180 T02170161,NOAA_AWC_METAR
2026-09-30 01:00:00+00:00,2026-09-30 01:51:00+00:00,51,21.1,69.98,METAR,METAR KRDU 300151Z 06004KT 10SM SCT065 SCT250 21/17 A3009 RMK AO2 SLP185 T02110167,NOAA_AWC_METAR
2026-09-30 02:00:00+00:00,2026-09-30 02:51:00+00:00,51,21.1,69.98,METAR,METAR KRDU 300251Z 10003KT 10SM FEW065 FEW250 21/17 A3009 RMK AO2 SLP186 T02110167 51015 $,NOAA_AWC_METAR
2026-09-30 03:00:00+00:00,2026-09-30 03:51:00+00:00,51,20.0,68.0,METAR,METAR KRDU 300351Z 00000KT 10SM FEW055 20/17 A3009 RMK AO2 SLP186 T02000167 $,NOAA_AWC_METAR
2026-09-30 04:00:00+00:00,2026-09-30 04:51:00+00:00,51,18.9,66.02,METAR,METAR KRDU 300451Z 00000KT 10SM FEW055 19/17 A3009 RMK AO2 SLP187 T01890167 402780178 $,NOAA_AWC_METAR
2026-09-30 05:00:00+00:00,2026-09-30 05:51:00+00:00,51,18.3,64.94,METAR,METAR KRDU 300551Z 00000KT 10SM CLR 18/17 A3009 RMK AO2 SLP184 T01830167 10228 20183 58002 $,NOAA_AWC_METAR
2026-09-30 06:00:00+00:00,2026-09-30 06:51:00+00:00,51,17.2,62.959999999999994,METAR,METAR KRDU 300651Z 00000KT 10SM CLR 17/16 A3009 RMK AO2 SLP186 T01720161 $,NOAA_AWC_METAR
2026-09-30 07:00:00+00:00,2026-09-30 07:51:00+00:00,51,16.7,62.059999999999995,METAR,METAR KRDU 300751Z 00000KT 10SM CLR 17/16 A3008 RMK AO2 SLP183 T01670161 $,NOAA_AWC_METAR
2026-09-30 08:00:00+00:00,2026-09-30 08:51:00+00:00,51,16.1,60.980000000000004,METAR,METAR KRDU 300851Z 00000KT 10SM FEW060 16/16 A3010 RMK AO2 SLP188 T01610161 53003 $,NOAA_AWC_METAR
2026-09-30 09:00:00+00:00,2026-09-30 09:51:00+00:00,51,16.1,60.980000000000004,METAR,METAR KRDU 300951Z 00000KT 8SM CLR 16/16 A3010 RMK AO2 SLP189 T01610161 $,NOAA_AWC_METAR
2026-09-30 10:00:00+00:00,2026-09-30 10:51:00+00:00,51,16.1,60.980000000000004,METAR,METAR KRDU 301051Z 00000KT 4SM BR FEW060 16/16 A3011 RMK AO2 SLP193 T01610161 $,NOAA_AWC_METAR
2026-09-30 11:00:00+00:00,2026-09-30 11:51:00+00:00,51,16.7,62.059999999999995,METAR,METAR KRDU 301151Z 36003KT 8SM FEW002 FEW060 17/16 A3014 RMK AO2 SLP202 T01670161 10183 20156 53013,NOAA_AWC_METAR
2026-09-30 12:00:00+00:00,2026-09-30 12:51:00+00:00,51,18.3,64.94,METAR,METAR KRDU 301251Z 36003KT 10SM FEW003 18/17 A3016 RMK AO2 SLP208 T01830172,NOAA_AWC_METAR
2026-09-30 13:00:00+00:00,2026-09-30 13:51:00+00:00,51,22.2,71.96,METAR,METAR KRDU 301351Z 00000KT 10SM FEW250 22/18 A3017 RMK AO2 SLP213 T02220183,NOAA_AWC_METAR
2026-09-30 14:00:00+00:00,2026-09-30 14:51:00+00:00,51,24.4,75.92,METAR,METAR KRDU 301451Z VRB03KT 10SM FEW025 FEW250 24/18 A3018 RMK AO2 SLP214 T02440178 51014,NOAA_AWC_METAR
2026-09-30 15:00:00+00:00,2026-09-30 15:51:00+00:00,51,26.1,78.98,METAR,METAR KRDU 301551Z 00000KT 10SM FEW035 FEW250 26/17 A3017 RMK AO2 SLP211 T02610172,NOAA_AWC_METAR
2026-09-30 16:00:00+00:00,2026-09-30 16:51:00+00:00,51,27.8,82.04,METAR,METAR KRDU 301651Z 09004KT 10SM SCT045 SCT250 28/15 A3015 RMK AO2 SLP204 T02780150,NOAA_AWC_METAR
2026-09-30 17:00:00+00:00,2026-09-30 17:51:00+00:00,51,29.4,84.91999999999999,METAR,METAR KRDU 301751Z 18006KT 10SM SCT055 SCT250 29/14 A3012 RMK AO2 SLP194 T02940144 10294 20167 58020,NOAA_AWC_METAR
2026-09-30 18:00:00+00:00,2026-09-30 18:51:00+00:00,51,28.9,84.02,METAR,METAR KRDU 301851Z VRB04KT 10SM SCT060 SCT250 29/13 A3009 RMK AO2 SLP185 T02890133,NOAA_AWC_METAR
2026-09-30 19:00:00+00:00,2026-09-30 19:51:00+00:00,51,29.4,84.91999999999999,METAR,METAR KRDU 301951Z 12003KT 10SM FEW060 SCT250 29/14 A3008 RMK AO2 SLP180 T02940139,NOAA_AWC_METAR
2026-09-30 20:00:00+00:00,2026-09-30 20:51:00+00:00,51,29.4,84.91999999999999,METAR,METAR KRDU 302051Z COR 30005KT 10SM FEW060 SCT250 29/13 A3008 RMK AO2 SLP182 T02940128 55011,NOAA_AWC_METAR
2026-09-30 21:00:00+00:00,2026-09-30 21:51:00+00:00,51,28.9,84.02,METAR,METAR KRDU 302151Z 00000KT 10SM FEW060 SCT250 29/12 A3008 RMK AO2 SLP181 T02890122,NOAA_AWC_METAR
2026-09-30 22:00:00+00:00,2026-09-30 22:51:00+00:00,51,27.2,80.96,METAR,METAR KRDU 302251Z 07003KT 10SM FEW060 SCT250 27/14 A3009 RMK AO2 SLP185 T02720144,NOAA_AWC_METAR
2026-09-30 23:00:00+00:00,2026-09-30 23:51:00+00:00,51,24.4,75.92,METAR,METAR KRDU 302351Z 04003KT 10SM FEW060 SCT250 24/16 A3011 RMK AO2 SLP192 T02440156 10300 20239 53008,NOAA_AWC_METAR
2026-10-01 00:00:00+00:00,2026-10-01 00:51:00+00:00,51,21.7,71.06,METAR,METAR KRDU 010051Z 00000KT 10SM SCT250 22/16 A3012 RMK AO2 SLP197 T02170156,NOAA_AWC_METAR
2026-10-01 01:00:00+00:00,2026-10-01 01:51:00+00:00,51,21.7,71.06,METAR,METAR KRDU 010151Z 00000KT 10SM SCT250 22/16 A3013 RMK AO2 SLP200 T02170161,NOAA_AWC_METAR
2026-10-01 02:00:00+00:00,2026-10-01 02:51:00+00:00,51,20.6,69.08,METAR,METAR KRDU 010251Z 00000KT 10SM BKN250 21/16 A3013 RMK AO2 SLP199 T02060161 51008,NOAA_AWC_METAR
2026-10-01 03:00:00+00:00,2026-10-01 03:51:00+00:00,51,19.4,66.92,METAR,METAR KRDU 010351Z 00000KT 10SM FEW200 BKN250 19/17 A3014 RMK AO2 SLP200 T01940167,NOAA_AWC_METAR
