hour_utc,hour_local,observation_time_utc,minute,actual_temp_c,actual_temp_f
2026-09-17 04:00:00+00:00,2026-09-17 00:00:00-04:00,2026-09-17 04:51:00+00:00,51.0,20.6,69.08
2026-09-17 05:00:00+00:00,2026-09-17 01:00:00-04:00,2026-09-17 05:51:00+00:00,51.0,20.0,68.0
2026-09-17 06:00:00+00:00,2026-09-17 02:00:00-04:00,2026-09-17 06:51:00+00:00,51.0,18.9,66.02
2026-09-17 07:00:00+00:00,2026-09-17 03:00:00-04:00,2026-09-17 07:51:00+00:00,51.0,18.3,64.94
2026-09-17 08:00:00+00:00,2026-09-17 04:00:00-04:00,2026-09-17 08:51:00+00:00,51.0,17.8,64.04
2026-09-17 09:00:00+00:00,2026-09-17 05:00:00-04:00,2026-09-17 09:51:00+00:00,51.0,17.8,64.04
2026-09-17 10:00:00+00:00,2026-09-17 06:00:00-04:00,2026-09-17 10:51:00+00:00,51.0,17.2,62.959999999999994
2026-09-17 11:00:00+00:00,2026-09-17 07:00:00-04:00,2026-09-17 11:51:00+00:00,51.0,19.4,66.92
2026-09-17 12:00:00+00:00,2026-09-17 08:00:00-04:00,2026-09-17 12:51:00+00:00,51.0,22.2,71.96
2026-09-17 13:00:00+00:00,2026-09-17 09:00:00-04:00,2026-09-17 13:51:00+00:00,51.0,25.6,78.08
2026-09-17 14:00:00+00:00,2026-09-17 10:00:00-04:00,2026-09-17 14:51:00+00:00,51.0,27.8,82.04
2026-09-17 15:00:00+00:00,2026-09-17 11:00:00-04:00,2026-09-17 15:51:00+00:00,51.0,28.9,84.02
2026-09-17 16:00:00+00:00,2026-09-17 12:00:00-04:00,2026-09-17 16:51:00+00:00,51.0,30.6,87.08000000000001
2026-09-17 17:00:00+00:00,2026-09-17 13:00:00-04:00,2026-09-17 17:51:00+00:00,51.0,31.1,87.98
2026-09-17 18:00:00+00:00,2026-09-17 14:00:00-04:00,2026-09-17 18:51:00+00:00,51.0,32.8,91.03999999999999
2026-09-17 19:00:00+00:00,2026-09-17 15:00:00-04:00,2026-09-17 19:51:00+00:00,51.0,33.3,91.94
2026-09-17 20:00:00+00:00,2026-09-17 16:00:00-04:00,2026-09-17 20:51:00+00:00,51.0,33.3,91.94
2026-09-17 21:00:00+00:00,2026-09-17 17:00:00-04:00,2026-09-17 21:51:00+00:00,51.0,32.8,91.03999999999999
2026-09-17 22:00:00+00:00,2026-09-17 18:00:00-04:00,2026-09-17 22:51:00+00:00,51.0,31.1,87.98
2026-09-17 23:00:00+00:00,2026-09-17 19:00:00-04:00,2026-09-17 23:51:00+00:00,51.0,28.9,84.02
2026-09-18 00:00:00+00:00,2026-09-17 20:00:00-04:00,2026-09-18 00:51:00+00:00,51.0,28.3,82.94
2026-09-18 01:00:00+00:00,2026-09-17 21:00:00-04:00,2026-09-18 01:51:00+00:00,51.0,27.2,80.96
2026-09-18 02:00:00+00:00,2026-09-17 22:00:00-04:00,2026-09-18 02:51:00+00:00,51.0,26.7,80.06
2026-09-18 03:00:00+00:00,2026-09-17 23:00:00-04:00,2026-09-18 03:51:00+00:00,51.0,26.1,78.98
2026-09-18 04:00:00+00:00,2026-09-18 00:00:00-04:00,2026-09-18 04:51:00+00:00,51.0,26.1,78.98
2026-09-18 05:00:00+00:00,2026-09-18 01:00:00-04:00,2026-09-18 05:51:00+00:00,51.0,26.1,78.98
2026-09-18 06:00:00+00:00,2026-09-18 02:00:00-04:00,2026-09-18 06:51:00+00:00,51.0,25.6,78.08
2026-09-18 07:00:00+00:00,2026-09-18 03:00:00-04:00,2026-09-18 07:51:00+00:00,51.0,24.4,75.92
2026-09-18 08:00:00+00:00,2026-09-18 04:00:00-04:00,2026-09-18 08:51:00+00:00,51.0,24.4,75.92
2026-09-18 09:00:00+00:00,2026-09-18 05:00:00-04:00,2026-09-18 09:51:00+00:00,51.0,23.9,75.02
2026-09-18 10:00:00+00:00,2026-09-18 06:00:00-04:00,2026-09-18 10:51:00+00:00,51.0,23.3,73.94
2026-09-18 11:00:00+00:00,2026-09-18 07:00:00-04:00,2026-09-18 11:51:00+00:00,51.0,23.3,73.94
2026-09-18 12:00:00+00:00,2026-09-18 08:00:00-04:00,2026-09-18 12:51:00+00:00,51.0,25.0,77.0
2026-09-18 13:00:00+00:00,2026-09-18 09:00:00-04:00,2026-09-18 13:51:00+00:00,51.0,28.3,82.94
2026-09-18 14:00:00+00:00,2026-09-18 10:00:00-04:00,2026-09-18 14:51:00+00:00,51.0,31.1,87.98
2026-09-18 15:00:00+00:00,2026-09-18 11:00:00-04:00,2026-09-18 15:51:00+00:00,51.0,32.8,91.03999999999999
2026-09-18 16:00:00+00:00,2026-09-18 12:00:00-04:00,2026-09-18 16:51:00+00:00,51.0,32.8,91.03999999999999
2026-09-18 17:00:00+00:00,2026-09-18 13:00:00-04:00,2026-09-18 17:51:00+00:00,51.0,34.4,93.91999999999999
2026-09-18 18:00:00+00:00,2026-09-18 14:00:00-04:00,2026-09-18 18:51:00+00:00,51.0,34.4,93.91999999999999
2026-09-18 19:00:00+00:00,2026-09-18 15:00:00-04:00,2026-09-18 19:51:00+00:00,51.0,33.3,91.94
2026-09-18 20:00:00+00:00,2026-09-18 16:00:00-04:00,2026-09-18 20:51:00+00:00,51.0,30.0,86.0
2026-09-18 21:00:00+00:00,2026-09-18 17:00:00-04:00,2026-09-18 21:51:00+00:00,51.0,29.4,84.91999999999999
2026-09-18 22:00:00+00:00,2026-09-18 18:00:00-04:00,2026-09-18 22:51:00+00:00,51.0,26.7,80.06
2026-09-18 23:00:00+00:00,2026-09-18 19:00:00-04:00,2026-09-18 23:51:00+00:00,51.0,26.1,78.98
2026-09-19 00:00:00+00:00,2026-09-18 20:00:00-04:00,2026-09-19 00:51:00+00:00,51.0,25.6,78.08
2026-09-19 01:00:00+00:00,2026-09-18 21:00:00-04:00,2026-09-19 01:51:00+00:00,51.0,25.0,77.0
2026-09-19 02:00:00+00:00,2026-09-18 22:00:00-04:00,2026-09-19 02:51:00+00:00,51.0,24.4,75.92
2026-09-19 03:00:00+00:00,2026-09-18 23:00:00-04:00,2026-09-19 03:51:00+00:00,51.0,24.4,75.92
2026-09-19 04:00:00+00:00,2026-09-19 00:00:00-04:00,2026-09-19 04:51:00+00:00,51.0,23.9,75.02
2026-09-19 05:00:00+00:00,2026-09-19 01:00:00-04:00,2026-09-19 05:51:00+00:00,51.0,23.3,73.94
2026-09-19 06:00:00+00:00,2026-09-19 02:00:00-04:00,2026-09-19 06:51:00+00:00,51.0,23.3,73.94
2026-09-19 07:00:00+00:00,2026-09-19 03:00:00-04:00,2026-09-19 07:51:00+00:00,51.0,22.8,73.04
2026-09-19 08:00:00+00:00,2026-09-19 04:00:00-04:00,2026-09-19 08:51:00+00:00,51.0,22.8,73.04
2026-09-19 09:00:00+00:00,2026-09-19 05:00:00-04:00,2026-09-19 09:51:00+00:00,51.0,21.7,71.06
2026-09-19 10:00:00+00:00,2026-09-19 06:00:00-04:00,2026-09-19 10:51:00+00:00,51.0,22.2,71.96
2026-09-19 11:00:00+00:00,2026-09-19 07:00:00-04:00,2026-09-19 11:51:00+00:00,51.0,22.8,73.04
2026-09-19 12:00:00+00:00,2026-09-19 08:00:00-04:00,2026-09-19 12:51:00+00:00,51.0,23.9,75.02
2026-09-19 13:00:00+00:00,2026-09-19 09:00:00-04:00,2026-09-19 13:51:00+00:00,51.0,26.7,80.06
2026-09-19 14:00:00+00:00,2026-09-19 10:00:00-04:00,2026-09-19 14:51:00+00:00,51.0,27.8,82.04
2026-09-19 15:00:00+00:00,2026-09-19 11:00:00-04:00,2026-09-19 15:51:00+00:00,51.0,28.9,84.02
2026-09-19 16:00:00+00:00,2026-09-19 12:00:00-04:00,2026-09-19 16:51:00+00:00,51.0,29.4,84.91999999999999
2026-09-19 17:00:00+00:00,2026-09-19 13:00:00-04:00,2026-09-19 17:51:00+00:00,51.0,30.6,87.08000000000001
2026-09-19 18:00:00+00:00,2026-09-19 14:00:00-04:00,2026-09-19 18:51:00+00:00,51.0,28.9,84.02
2026-09-19 19:00:00+00:00,2026-09-19 15:00:00-04:00,2026-09-19 19:51:00+00:00,51.0,31.1,87.98
2026-09-19 20:00:00+00:00,2026-09-19 16:00:00-04:00,2026-09-19 20:51:00+00:00,51.0,31.1,87.98
2026-09-19 21:00:00+00:00,2026-09-19 17:00:00-04:00,2026-09-19 21:51:00+00:00,51.0,30.0,86.0
2026-09-19 22:00:00+00:00,2026-09-19 18:00:00-04:00,2026-09-19 22:51:00+00:00,51.0,28.3,82.94
2026-09-19 23:00:00+00:00,2026-09-19 19:00:00-04:00,2026-09-19 23:51:00+00:00,51.0,26.7,80.06
2026-09-20 00:00:00+00:00,2026-09-19 20:00:00-04:00,2026-09-20 00:51:00+00:00,51.0,26.1,78.98
2026-09-20 01:00:00+00:00,2026-09-19 21:00:00-04:00,2026-09-20 01:51:00+00:00,51.0,25.6,78.08
2026-09-20 02:00:00+00:00,2026-09-19 22:00:00-04:00,2026-09-20 02:51:00+00:00,51.0,25.0,77.0
2026-09-20 03:00:00+00:00,2026-09-19 23:00:00-04:00,2026-09-20 03:51:00+00:00,51.0,23.9,75.02
2026-09-20 04:00:00+00:00,2026-09-20 00:00:00-04:00,2026-09-20 04:51:00+00:00,51.0,23.3,73.94
2026-09-20 05:00:00+00:00,2026-09-20 01:00:00-04:00,2026-09-20 05:51:00+00:00,51.0,22.2,71.96
2026-09-20 06:00:00+00:00,2026-09-20 02:00:00-04:00,2026-09-20 06:51:00+00:00,51.0,21.7,71.06
2026-09-20 07:00:00+00:00,2026-09-20 03:00:00-04:00,2026-09-20 07:51:00+00:00,51.0,20.6,69.08
2026-09-20 08:00:00+00:00,2026-09-20 04:00:00-04:00,2026-09-20 08:51:00+00:00,51.0,20.0,68.0
2026-09-20 09:00:00+00:00,2026-09-20 05:00:00-04:00,2026-09-20 09:51:00+00:00,51.0,19.4,66.92
2026-09-20 10:00:00+00:00,2026-09-20 06:00:00-04:00,2026-09-20 10:51:00+00:00,51.0,19.4,66.92
2026-09-20 11:00:00+00:00,2026-09-20 07:00:00-04:00,2026-09-20 11:51:00+00:00,51.0,20.0,68.0
2026-09-20 12:00:00+00:00,2026-09-20 08:00:00-04:00,2026-09-20 12:51:00+00:00,51.0,22.8,73.04
2026-09-20 13:00:00+00:00,2026-09-20 09:00:00-04:00,2026-09-20 13:51:00+00:00,51.0,25.0,77.0
2026-09-20 14:00:00+00:00,2026-09-20 10:00:00-04:00,2026-09-20 14:51:00+00:00,51.0,26.7,80.06
2026-09-20 15:00:00+00:00,2026-09-20 11:00:00-04:00,2026-09-20 15:51:00+00:00,51.0,28.9,84.02
2026-09-20 16:00:00+00:00,2026-09-20 12:00:00-04:00,2026-09-20 16:51:00+00:00,51.0,29.4,84.91999999999999
2026-09-20 17:00:00+00:00,2026-09-20 13:00:00-04:00,2026-09-20 17:51:00+00:00,51.0,32.8,91.03999999999999
2026-09-20 18:00:00+00:00,2026-09-20 14:00:00-04:00,2026-09-20 18:51:00+00:00,51.0,32.2,89.96000000000001
2026-09-20 19:00:00+00:00,2026-09-20 15:00:00-04:00,2026-09-20 19:51:00+00:00,51.0,32.8,91.03999999999999
2026-09-20 20:00:00+00:00,2026-09-20 16:00:00-04:00,2026-09-20 20:51:00+00:00,51.0,32.8,91.03999999999999
2026-09-20 21:00:00+00:00,2026-09-20 17:00:00-04:00,2026-09-20 21:51:00+00:00,51.0,31.7,89.06
2026-09-20 22:00:00+00:00,2026-09-20 18:00:00-04:00,2026-09-20 22:51:00+00:00,51.0,30.0,86.0
2026-09-20 23:00:00+00:00,2026-09-20 19:00:00-04:00,2026-09-20 23:51:00+00:00,51.0,27.8,82.04
2026-09-21 00:00:00+00:00,2026-09-20 20:00:00-04:00,2026-09-21 00:51:00+00:00,51.0,27.2,80.96
2026-09-21 01:00:00+00:00,2026-09-20 21:00:00-04:00,2026-09-21 01:51:00+00:00,51.0,26.1,78.98
2026-09-21 02:00:00+00:00,2026-09-20 22:00:00-04:00,2026-09-21 02:51:00+00:00,51.0,25.6,78.08
2026-09-21 03:00:00+00:00,2026-09-20 23:00:00-04:00,2026-09-21 03:51:00+00:00,51.0,25.0,77.0
2026-09-21 04:00:00+00:00,2026-09-21 00:00:00-04:00,2026-09-21 04:51:00+00:00,51.0,24.4,75.92
2026-09-21 05:00:00+00:00,2026-09-21 01:00:00-04:00,2026-09-21 05:51:00+00:00,51.0,24.4,75.92
2026-09-21 06:00:00+00:00,2026-09-21 02:00:00-04:00,2026-09-21 06:51:00+00:00,51.0,23.9,75.02
2026-09-21 07:00:00+00:00,2026-09-21 03:00:00-04:00,2026-09-21 07:51:00+00:00,51.0,23.3,73.94
2026-09-21 08:00:00+00:00,2026-09-21 04:00:00-04:00,2026-09-21 08:51:00+00:00,51.0,23.3,73.94
2026-09-21 09:00:00+00:00,2026-09-21 05:00:00-04:00,2026-09-21 09:51:00+00:00,51.0,22.2,71.96
2026-09-21 10:00:00+00:00,2026-09-21 06:00:00-04:00,2026-09-21 10:51:00+00:00,51.0,22.8,73.04
2026-09-21 11:00:00+00:00,2026-09-21 07:00:00-04:00,2026-09-21 11:51:00+00:00,51.0,23.3,73.94
2026-09-21 12:00:00+00:00,2026-09-21 08:00:00-04:00,2026-09-21 12:51:00+00:00,51.0,25.0,77.0
2026-09-21 13:00:00+00:00,2026-09-21 09:00:00-04:00,2026-09-21 13:51:00+00:00,51.0,27.2,80.96
2026-09-21 14:00:00+00:00,2026-09-21 10:00:00-04:00,2026-09-21 14:51:00+00:00,51.0,29.4,84.91999999999999
2026-09-21 15:00:00+00:00,2026-09-21 11:00:00-04:00,2026-09-21 15:51:00+00:00,51.0,31.1,87.98
2026-09-21 16:00:00+00:00,2026-09-21 12:00:00-04:00,2026-09-21 16:51:00+00:00,51.0,32.2,89.96000000000001
2026-09-21 17:00:00+00:00,2026-09-21 13:00:00-04:00,2026-09-21 17:51:00+00:00,51.0,33.9,93.02
2026-09-21 18:00:00+00:00,2026-09-21 14:00:00-04:00,2026-09-21 18:51:00+00:00,51.0,34.4,93.91999999999999
2026-09-21 19:00:00+00:00,2026-09-21 15:00:00-04:00,2026-09-21 19:51:00+00:00,51.0,34.4,93.91999999999999
2026-09-21 20:00:00+00:00,2026-09-21 16:00:00-04:00,2026-09-21 20:51:00+00:00,51.0,33.3,91.94
2026-09-21 21:00:00+00:00,2026-09-21 17:00:00-04:00,2026-09-21 21:51:00+00:00,51.0,31.1,87.98
2026-09-21 22:00:00+00:00,2026-09-21 18:00:00-04:00,2026-09-21 22:51:00+00:00,51.0,25.6,78.08
2026-09-21 23:00:00+00:00,2026-09-21 19:00:00-04:00,2026-09-21 23:51:00+00:00,51.0,23.9,75.02
2026-09-22 00:00:00+00:00,2026-09-21 20:00:00-04:00,2026-09-22 00:51:00+00:00,51.0,22.2,71.96
2026-09-22 01:00:00+00:00,2026-09-21 21:00:00-04:00,2026-09-22 01:51:00+00:00,51.0,21.7,71.06
2026-09-22 02:00:00+00:00,2026-09-21 22:00:00-04:00,2026-09-22 02:51:00+00:00,51.0,22.8,73.04
2026-09-22 03:00:00+00:00,2026-09-21 23:00:00-04:00,2026-09-22 03:51:00+00:00,51.0,22.2,71.96
2026-09-22 04:00:00+00:00,2026-09-22 00:00:00-04:00,2026-09-22 04:51:00+00:00,51.0,21.7,71.06
2026-09-22 05:00:00+00:00,2026-09-22 01:00:00-04:00,2026-09-22 05:51:00+00:00,51.0,21.1,69.98
2026-09-22 06:00:00+00:00,2026-09-22 02:00:00-04:00,2026-09-22 06:51:00+00:00,51.0,21.1,69.98
2026-09-22 07:00:00+00:00,2026-09-22 03:00:00-04:00,2026-09-22 07:51:00+00:00,51.0,20.6,69.08
2026-09-22 08:00:00+00:00,2026-09-22 04:00:00-04:00,2026-09-22 08:51:00+00:00,51.0,20.6,69.08
2026-09-22 09:00:00+00:00,2026-09-22 05:00:00-04:00,2026-09-22 09:51:00+00:00,51.0,20.6,69.08
2026-09-22 10:00:00+00:00,2026-09-22 06:00:00-04:00,2026-09-22 10:51:00+00:00,51.0,20.6,69.08
2026-09-22 11:00:00+00:00,2026-09-22 07:00:00-04:00,2026-09-22 11:51:00+00:00,51.0,21.1,69.98
2026-09-22 12:00:00+00:00,2026-09-22 08:00:00-04:00,2026-09-22 12:51:00+00:00,51.0,21.7,71.06
2026-09-22 13:00:00+00:00,2026-09-22 09:00:00-04:00,2026-09-22 13:51:00+00:00,51.0,22.8,73.04
2026-09-22 14:00:00+00:00,2026-09-22 10:00:00-04:00,2026-09-22 14:51:00+00:00,51.0,22.8,73.04
2026-09-22 15:00:00+00:00,2026-09-22 11:00:00-04:00,2026-09-22 15:51:00+00:00,51.0,25.6,78.08
2026-09-22 16:00:00+00:00,2026-09-22 12:00:00-04:00,2026-09-22 16:51:00+00:00,51.0,25.6,78.08
2026-09-22 17:00:00+00:00,2026-09-22 13:00:00-04:00,2026-09-22 17:51:00+00:00,51.0,26.7,80.06
2026-09-22 18:00:00+00:00,2026-09-22 14:00:00-04:00,2026-09-22 18:51:00+00:00,51.0,28.3,82.94
2026-09-22 19:00:00+00:00,2026-09-22 15:00:00-04:00,2026-09-22 19:51:00+00:00,51.0,27.8,82.04
2026-09-22 20:00:00+00:00,2026-09-22 16:00:00-04:00,2026-09-22 20:51:00+00:00,51.0,27.2,80.96
2026-09-22 21:00:00+00:00,2026-09-22 17:00:00-04:00,2026-09-22 21:51:00+00:00,51.0,23.3,73.94
2026-09-22 22:00:00+00:00,2026-09-22 18:00:00-04:00,2026-09-22 22:51:00+00:00,51.0,21.1,69.98
2026-09-22 23:00:00+00:00,2026-09-22 19:00:00-04:00,2026-09-22 23:51:00+00:00,51.0,20.6,69.08
2026-09-23 00:00:00+00:00,2026-09-22 20:00:00-04:00,2026-09-23 00:51:00+00:00,51.0,20.0,68.0
2026-09-23 01:00:00+00:00,2026-09-22 21:00:00-04:00,2026-09-23 01:51:00+00:00,51.0,19.4,66.92
2026-09-23 02:00:00+00:00,2026-09-22 22:00:00-04:00,2026-09-23 02:51:00+00:00,51.0,18.9,66.02
2026-09-23 03:00:00+00:00,2026-09-22 23:00:00-04:00,2026-09-23 03:51:00+00:00,51.0,18.3,64.94
2026-09-23 04:00:00+00:00,2026-09-23 00:00:00-04:00,2026-09-23 04:51:00+00:00,51.0,18.3,64.94
2026-09-23 05:00:00+00:00,2026-09-23 01:00:00-04:00,2026-09-23 05:51:00+00:00,51.0,17.8,64.04
2026-09-23 06:00:00+00:00,2026-09-23 02:00:00-04:00,2026-09-23 06:51:00+00:00,51.0,17.2,62.959999999999994
2026-09-23 07:00:00+00:00,2026-09-23 03:00:00-04:00,2026-09-23 07:51:00+00:00,51.0,16.7,62.059999999999995
2026-09-23 08:00:00+00:00,2026-09-23 04:00:00-04:00,2026-09-23 08:51:00+00:00,51.0,16.1,60.980000000000004
2026-09-23 09:00:00+00:00,2026-09-23 05:00:00-04:00,2026-09-23 09:51:00+00:00,51.0,16.1,60.980000000000004
2026-09-23 10:00:00+00:00,2026-09-23 06:00:00-04:00,2026-09-23 10:51:00+00:00,51.0,16.1,60.980000000000004
2026-09-23 11:00:00+00:00,2026-09-23 07:00:00-04:00,2026-09-23 11:51:00+00:00,51.0,15.6,60.08
2026-09-23 12:00:00+00:00,2026-09-23 08:00:00-04:00,2026-09-23 12:51:00+00:00,51.0,15.6,60.08
2026-09-23 13:00:00+00:00,2026-09-23 09:00:00-04:00,2026-09-23 13:51:00+00:00,51.0,16.1,60.980000000000004
2026-09-23 14:00:00+00:00,2026-09-23 10:00:00-04:00,2026-09-23 14:51:00+00:00,51.0,16.1,60.980000000000004
2026-09-23 15:00:00+00:00,2026-09-23 11:00:00-04:00,2026-09-23 15:51:00+00:00,51.0,16.7,62.059999999999995
2026-09-23 16:00:00+00:00,2026-09-23 12:00:00-04:00,2026-09-23 16:51:00+00:00,51.0,16.7,62.059999999999995
2026-09-23 17:00:00+00:00,2026-09-23 13:00:00-04:00,2026-09-23 17:51:00+00:00,51.0,17.2,62.959999999999994
2026-09-23 18:00:00+00:00,2026-09-23 14:00:00-04:00,2026-09-23 18:51:00+00:00,51.0,17.2,62.959999999999994
2026-09-23 19:00:00+00:00,2026-09-23 15:00:00-04:00,2026-09-23 19:51:00+00:00,51.0,16.7,62.059999999999995
2026-09-23 20:00:00+00:00,2026-09-23 16:00:00-04:00,2026-09-23 20:51:00+00:00,51.0,16.7,62.059999999999995
2026-09-23 21:00:00+00:00,2026-09-23 17:00:00-04:00,2026-09-23 21:51:00+00:00,51.0,16.1,60.980000000000004
2026-09-23 22:00:00+00:00,2026-09-23 18:00:00-04:00,2026-09-23 22:51:00+00:00,51.0,16.1,60.980000000000004
2026-09-23 23:00:00+00:00,2026-09-23 19:00:00-04:00,2026-09-23 23:51:00+00:00,51.0,16.1,60.980000000000004
2026-09-24 00:00:00+00:00,2026-09-23 20:00:00-04:00,2026-09-24 00:51:00+00:00,51.0,16.1,60.980000000000004
2026-09-24 01:00:00+00:00,2026-09-23 21:00:00-04:00,2026-09-24 01:51:00+00:00,51.0,16.1,60.980000000000004
2026-09-24 02:00:00+00:00,2026-09-23 22:00:00-04:00,2026-09-24 02:51:00+00:00,51.0,16.7,62.059999999999995
2026-09-24 03:00:00+00:00,2026-09-23 23:00:00-04:00,2026-09-24 03:51:00+00:00,51.0,16.7,62.059999999999995
2026-09-24 04:00:00+00:00,2026-09-24 00:00:00-04:00,2026-09-24 04:51:00+00:00,51.0,16.1,60.980000000000004
2026-09-24 05:00:00+00:00,2026-09-24 01:00:00-04:00,2026-09-24 05:51:00+00:00,51.0,16.1,60.980000000000004
2026-09-24 06:00:00+00:00,2026-09-24 02:00:00-04:00,2026-09-24 06:51:00+00:00,51.0,16.1,60.980000000000004
2026-09-24 07:00:00+00:00,2026-09-24 03:00:00-04:00,2026-09-24 07:51:00+00:00,51.0,15.6,60.08
2026-09-24 08:00:00+00:00,2026-09-24 04:00:00-04:00,2026-09-24 08:51:00+00:00,51.0,15.6,60.08
2026-09-24 09:00:00+00:00,2026-09-24 05:00:00-04:00,2026-09-24 09:51:00+00:00,51.0,15.0,59.0
2026-09-24 10:00:00+00:00,2026-09-24 06:00:00-04:00,2026-09-24 10:51:00+00:00,51.0,15.0,59.0
2026-09-24 11:00:00+00:00,2026-09-24 07:00:00-04:00,2026-09-24 11:51:00+00:00,51.0,15.0,59.0
2026-09-24 12:00:00+00:00,2026-09-24 08:00:00-04:00,2026-09-24 12:51:00+00:00,51.0,15.0,59.0
2026-09-24 13:00:00+00:00,2026-09-24 09:00:00-04:00,2026-09-24 13:51:00+00:00,51.0,15.0,59.0
2026-09-24 14:00:00+00:00,2026-09-24 10:00:00-04:00,2026-09-24 14:51:00+00:00,51.0,15.0,59.0
2026-09-24 15:00:00+00:00,2026-09-24 11:00:00-04:00,2026-09-24 15:51:00+00:00,51.0,15.6,60.08
2026-09-24 16:00:00+00:00,2026-09-24 12:00:00-04:00,2026-09-24 16:51:00+00:00,51.0,16.1,60.980000000000004
2026-09-24 17:00:00+00:00,2026-09-24 13:00:00-04:00,2026-09-24 17:51:00+00:00,51.0,16.7,62.059999999999995
2026-09-24 18:00:00+00:00,2026-09-24 14:00:00-04:00,2026-09-24 18:51:00+00:00,51.0,17.2,62.959999999999994
2026-09-24 19:00:00+00:00,2026-09-24 15:00:00-04:00,2026-09-24 19:51:00+00:00,51.0,17.8,64.04
2026-09-24 20:00:00+00:00,2026-09-24 16:00:00-04:00,2026-09-24 20:51:00+00:00,51.0,17.8,64.04
2026-09-24 21:00:00+00:00,2026-09-24 17:00:00-04:00,2026-09-24 21:51:00+00:00,51.0,16.7,62.059999999999995
2026-09-24 22:00:00+00:00,2026-09-24 18:00:00-04:00,2026-09-24 22:51:00+00:00,51.0,16.7,62.059999999999995
2026-09-24 23:00:00+00:00,2026-09-24 19:00:00-04:00,2026-09-24 23:51:00+00:00,51.0,16.1,60.980000000000004
2026-09-25 00:00:00+00:00,2026-09-24 20:00:00-04:00,2026-09-25 00:51:00+00:00,51.0,16.1,60.980000000000004
2026-09-25 01:00:00+00:00,2026-09-24 21:00:00-04:00,2026-09-25 01:51:00+00:00,51.0,15.6,60.08
2026-09-25 02:00:00+00:00,2026-09-24 22:00:00-04:00,2026-09-25 02:51:00+00:00,51.0,15.6,60.08
2026-09-25 03:00:00+00:00,2026-09-24 23:00:00-04:00,2026-09-25 03:51:00+00:00,51.0,15.6,60.08
2026-09-25 04:00:00+00:00,2026-09-25 00:00:00-04:00,2026-09-25 04:51:00+00:00,51.0,15.0,59.0
2026-09-25 05:00:00+00:00,2026-09-25 01:00:00-04:00,2026-09-25 05:51:00+00:00,51.0,14.4,57.92
2026-09-25 06:00:00+00:00,2026-09-25 02:00:00-04:00,2026-09-25 06:51:00+00:00,51.0,13.9,57.02
2026-09-25 07:00:00+00:00,2026-09-25 03:00:00-04:00,2026-09-25 07:51:00+00:00,51.0,12.8,55.04
2026-09-25 08:00:00+00:00,2026-09-25 04:00:00-04:00,2026-09-25 08:51:00+00:00,51.0,12.2,53.96
2026-09-25 09:00:00+00:00,2026-09-25 05:00:00-04:00,2026-09-25 09:51:00+00:00,51.0,11.1,51.98
2026-09-25 10:00:00+00:00,2026-09-25 06:00:00-04:00,2026-09-25 10:51:00+00:00,51.0,10.6,51.08
2026-09-25 11:00:00+00:00,2026-09-25 07:00:00-04:00,2026-09-25 11:51:00+00:00,51.0,11.1,51.98
2026-09-25 12:00:00+00:00,2026-09-25 08:00:00-04:00,2026-09-25 12:51:00+00:00,51.0,13.3,55.94
2026-09-25 13:00:00+00:00,2026-09-25 09:00:00-04:00,2026-09-25 13:51:00+00:00,51.0,15.0,59.0
2026-09-25 14:00:00+00:00,2026-09-25 10:00:00-04:00,2026-09-25 14:51:00+00:00,51.0,16.1,60.980000000000004
2026-09-25 15:00:00+00:00,2026-09-25 11:00:00-04:00,2026-09-25 15:51:00+00:00,51.0,18.3,64.94
2026-09-25 16:00:00+00:00,2026-09-25 12:00:00-04:00,2026-09-25 16:51:00+00:00,51.0,19.4,66.92
2026-09-25 17:00:00+00:00,2026-09-25 13:00:00-04:00,2026-09-25 17:51:00+00:00,51.0,21.1,69.98
2026-09-25 18:00:00+00:00,2026-09-25 14:00:00-04:00,2026-09-25 18:51:00+00:00,51.0,21.7,71.06
2026-09-25 19:00:00+00:00,2026-09-25 15:00:00-04:00,2026-09-25 19:51:00+00:00,51.0,22.2,71.96
2026-09-25 20:00:00+00:00,2026-09-25 16:00:00-04:00,2026-09-25 20:51:00+00:00,51.0,22.8,73.04
2026-09-25 21:00:00+00:00,2026-09-25 17:00:00-04:00,2026-09-25 21:51:00+00:00,51.0,22.2,71.96
2026-09-25 22:00:00+00:00,2026-09-25 18:00:00-04:00,2026-09-25 22:51:00+00:00,51.0,21.1,69.98
2026-09-25 23:00:00+00:00,2026-09-25 19:00:00-04:00,2026-09-25 23:51:00+00:00,51.0,18.3,64.94
2026-09-26 00:00:00+00:00,2026-09-25 20:00:00-04:00,2026-09-26 00:51:00+00:00,51.0,16.7,62.059999999999995
2026-09-26 01:00:00+00:00,2026-09-25 21:00:00-04:00,2026-09-26 01:51:00+00:00,51.0,14.4,57.92
2026-09-26 02:00:00+00:00,2026-09-25 22:00:00-04:00,2026-09-26 02:51:00+00:00,51.0,13.3,55.94
2026-09-26 03:00:00+00:00,2026-09-25 23:00:00-04:00,2026-09-26 03:51:00+00:00,51.0,12.2,53.96
2026-09-26 04:00:00+00:00,2026-09-26 00:00:00-04:00,2026-09-26 04:51:00+00:00,51.0,11.7,53.06
2026-09-26 05:00:00+00:00,2026-09-26 01:00:00-04:00,2026-09-26 05:51:00+00:00,51.0,10.6,51.08
2026-09-26 06:00:00+00:00,2026-09-26 02:00:00-04:00,2026-09-26 06:51:00+00:00,51.0,10.0,50.0
2026-09-26 07:00:00+00:00,2026-09-26 03:00:00-04:00,2026-09-26 07:51:00+00:00,51.0,9.4,48.92
2026-09-26 08:00:00+00:00,2026-09-26 04:00:00-04:00,2026-09-26 08:51:00+00:00,51.0,11.1,51.98
2026-09-26 09:00:00+00:00,2026-09-26 05:00:00-04:00,2026-09-26 09:51:00+00:00,51.0,9.4,48.92
2026-09-26 10:00:00+00:00,2026-09-26 06:00:00-04:00,2026-09-26 10:51:00+00:00,51.0,10.6,51.08
2026-09-26 11:00:00+00:00,2026-09-26 07:00:00-04:00,2026-09-26 11:51:00+00:00,51.0,13.3,55.94
2026-09-26 12:00:00+00:00,2026-09-26 08:00:00-04:00,2026-09-26 12:51:00+00:00,51.0,15.6,60.08
2026-09-26 13:00:00+00:00,2026-09-26 09:00:00-04:00,2026-09-26 13:51:00+00:00,51.0,18.9,66.02
2026-09-26 14:00:00+00:00,2026-09-26 10:00:00-04:00,2026-09-26 14:51:00+00:00,51.0,21.1,69.98
2026-09-26 15:00:00+00:00,2026-09-26 11:00:00-04:00,2026-09-26 15:51:00+00:00,51.0,22.8,73.04
2026-09-26 16:00:00+00:00,2026-09-26 12:00:00-04:00,2026-09-26 16:51:00+00:00,51.0,23.3,73.94
2026-09-26 17:00:00+00:00,2026-09-26 13:00:00-04:00,2026-09-26 17:51:00+00:00,51.0,25.0,77.0
2026-09-26 18:00:00+00:00,2026-09-26 14:00:00-04:00,2026-09-26 18:51:00+00:00,51.0,25.6,78.08
2026-09-26 19:00:00+00:00,2026-09-26 15:00:00-04:00,2026-09-26 19:51:00+00:00,51.0,26.7,80.06
2026-09-26 20:00:00+00:00,2026-09-26 16:00:00-04:00,2026-09-26 20:51:00+00:00,51.0,26.7,80.06
2026-09-26 21:00:00+00:00,2026-09-26 17:00:00-04:00,2026-09-26 21:51:00+00:00,51.0,26.1,78.98
2026-09-26 22:00:00+00:00,2026-09-26 18:00:00-04:00,2026-09-26 22:51:00+00:00,51.0,24.4,75.92
2026-09-26 23:00:00+00:00,2026-09-26 19:00:00-04:00,2026-09-26 23:51:00+00:00,51.0,21.7,71.06
2026-09-27 00:00:00+00:00,2026-09-26 20:00:00-04:00,2026-09-27 00:51:00+00:00,51.0,20.0,68.0
2026-09-27 01:00:00+00:00,2026-09-26 21:00:00-04:00,2026-09-27 01:51:00+00:00,51.0,16.1,60.980000000000004
2026-09-27 02:00:00+00:00,2026-09-26 22:00:00-04:00,2026-09-27 02:51:00+00:00,51.0,16.1,60.980000000000004
2026-09-27 03:00:00+00:00,2026-09-26 23:00:00-04:00,2026-09-27 03:51:00+00:00,51.0,14.4,57.92
2026-09-27 04:00:00+00:00,2026-09-27 00:00:00-04:00,2026-09-27 04:51:00+00:00,51.0,14.4,57.92
2026-09-27 05:00:00+00:00,2026-09-27 01:00:00-04:00,2026-09-27 05:51:00+00:00,51.0,13.9,57.02
2026-09-27 06:00:00+00:00,2026-09-27 02:00:00-04:00,2026-09-27 06:51:00+00:00,51.0,12.8,55.04
2026-09-27 07:00:00+00:00,2026-09-27 03:00:00-04:00,2026-09-27 07:51:00+00:00,51.0,13.9,57.02
2026-09-27 08:00:00+00:00,2026-09-27 04:00:00-04:00,2026-09-27 08:51:00+00:00,51.0,13.9,57.02
2026-09-27 09:00:00+00:00,2026-09-27 05:00:00-04:00,2026-09-27 09:51:00+00:00,51.0,13.3,55.94
2026-09-27 10:00:00+00:00,2026-09-27 06:00:00-04:00,2026-09-27 10:51:00+00:00,51.0,13.3,55.94
2026-09-27 11:00:00+00:00,2026-09-27 07:00:00-04:00,2026-09-27 11:51:00+00:00,51.0,13.9,57.02
2026-09-27 12:00:00+00:00,2026-09-27 08:00:00-04:00,2026-09-27 12:51:00+00:00,51.0,16.7,62.059999999999995
2026-09-27 13:00:00+00:00,2026-09-27 09:00:00-04:00,2026-09-27 13:51:00+00:00,51.0,20.0,68.0
2026-09-27 14:00:00+00:00,2026-09-27 10:00:00-04:00,2026-09-27 14:51:00+00:00,51.0,21.7,71.06
2026-09-27 15:00:00+00:00,2026-09-27 11:00:00-04:00,2026-09-27 15:51:00+00:00,51.0,22.8,73.04
2026-09-27 16:00:00+00:00,2026-09-27 12:00:00-04:00,2026-09-27 16:51:00+00:00,51.0,25.0,77.0
2026-09-27 17:00:00+00:00,2026-09-27 13:00:00-04:00,2026-09-27 17:51:00+00:00,51.0,25.6,78.08
2026-09-27 18:00:00+00:00,2026-09-27 14:00:00-04:00,2026-09-27 18:51:00+00:00,51.0,26.1,78.98
2026-09-27 19:00:00+00:00,2026-09-27 15:00:00-04:00,2026-09-27 19:51:00+00:00,51.0,25.0,77.0
2026-09-27 20:00:00+00:00,2026-09-27 16:00:00-04:00,2026-09-27 20:51:00+00:00,51.0,26.1,78.98
2026-09-27 21:00:00+00:00,2026-09-27 17:00:00-04:00,2026-09-27 21:51:00+00:00,51.0,25.0,77.0
2026-09-27 22:00:00+00:00,2026-09-27 18:00:00-04:00,2026-09-27 22:51:00+00:00,51.0,23.3,73.94
2026-09-27 23:00:00+00:00,2026-09-27 19:00:00-04:00,2026-09-27 23:51:00+00:00,51.0,21.7,71.06
2026-09-28 00:00:00+00:00,2026-09-27 20:00:00-04:00,2026-09-28 00:51:00+00:00,51.0,21.1,69.98
2026-09-28 01:00:00+00:00,2026-09-27 21:00:00-04:00,2026-09-28 01:51:00+00:00,51.0,21.1,69.98
2026-09-28 02:00:00+00:00,2026-09-27 22:00:00-04:00,2026-09-28 02:51:00+00:00,51.0,20.6,69.08
2026-09-28 03:00:00+00:00,2026-09-27 23:00:00-04:00,2026-09-28 03:51:00+00:00,51.0,19.4,66.92
2026-09-28 04:00:00+00:00,2026-09-28 00:00:00-04:00,2026-09-28 04:51:00+00:00,51.0,17.8,64.04
2026-09-28 05:00:00+00:00,2026-09-28 01:00:00-04:00,2026-09-28 05:51:00+00:00,51.0,16.1,60.980000000000004
2026-09-28 06:00:00+00:00,2026-09-28 02:00:00-04:00,2026-09-28 06:51:00+00:00,51.0,14.4,57.92
2026-09-28 07:00:00+00:00,2026-09-28 03:00:00-04:00,2026-09-28 07:51:00+00:00,51.0,14.4,57.92
2026-09-28 08:00:00+00:00,2026-09-28 04:00:00-04:00,2026-09-28 08:51:00+00:00,51.0,13.9,57.02
2026-09-28 09:00:00+00:00,2026-09-28 05:00:00-04:00,2026-09-28 09:51:00+00:00,51.0,13.3,55.94
2026-09-28 10:00:00+00:00,2026-09-28 06:00:00-04:00,2026-09-28 10:51:00+00:00,51.0,13.3,55.94
2026-09-28 11:00:00+00:00,2026-09-28 07:00:00-04:00,2026-09-28 11:51:00+00:00,51.0,14.4,57.92
2026-09-28 12:00:00+00:00,2026-09-28 08:00:00-04:00,2026-09-28 12:51:00+00:00,51.0,17.2,62.959999999999994
2026-09-28 13:00:00+00:00,2026-09-28 09:00:00-04:00,2026-09-28 13:51:00+00:00,51.0,20.6,69.08
2026-09-28 14:00:00+00:00,2026-09-28 10:00:00-04:00,2026-09-28 14:51:00+00:00,51.0,22.8,73.04
2026-09-28 15:00:00+00:00,2026-09-28 11:00:00-04:00,2026-09-28 15:51:00+00:00,51.0,23.9,75.02
2026-09-28 16:00:00+00:00,2026-09-28 12:00:00-04:00,2026-09-28 16:51:00+00:00,51.0,24.4,75.92
2026-09-28 17:00:00+00:00,2026-09-28 13:00:00-04:00,2026-09-28 17:51:00+00:00,51.0,25.6,78.08
2026-09-28 18:00:00+00:00,2026-09-28 14:00:00-04:00,2026-09-28 18:51:00+00:00,51.0,26.7,80.06
2026-09-28 19:00:00+00:00,2026-09-28 15:00:00-04:00,2026-09-28 19:51:00+00:00,51.0,26.7,80.06
2026-09-28 20:00:00+00:00,2026-09-28 16:00:00-04:00,2026-09-28 20:51:00+00:00,51.0,25.6,78.08
2026-09-28 21:00:00+00:00,2026-09-28 17:00:00-04:00,2026-09-28 21:51:00+00:00,51.0,25.6,78.08
2026-09-28 22:00:00+00:00,2026-09-28 18:00:00-04:00,2026-09-28 22:51:00+00:00,51.0,24.4,75.92
2026-09-28 23:00:00+00:00,2026-09-28 19:00:00-04:00,2026-09-28 23:51:00+00:00,51.0,22.8,73.04
2026-09-29 00:00:00+00:00,2026-09-28 20:00:00-04:00,2026-09-29 00:51:00+00:00,51.0,21.7,71.06
2026-09-29 01:00:00+00:00,2026-09-28 21:00:00-04:00,2026-09-29 01:51:00+00:00,51.0,21.7,71.06
2026-09-29 02:00:00+00:00,2026-09-28 22:00:00-04:00,2026-09-29 02:51:00+00:00,51.0,21.1,69.98
2026-09-29 03:00:00+00:00,2026-09-28 23:00:00-04:00,2026-09-29 03:51:00+00:00,51.0,19.4,66.92
2026-09-29 04:00:00+00:00,2026-09-29 00:00:00-04:00,2026-09-29 04:51:00+00:00,51.0,20.0,68.0
2026-09-29 05:00:00+00:00,2026-09-29 01:00:00-04:00,2026-09-29 05:51:00+00:00,51.0,20.6,69.08
2026-09-29 06:00:00+00:00,2026-09-29 02:00:00-04:00,2026-09-29 06:51:00+00:00,51.0,20.6,69.08
2026-09-29 07:00:00+00:00,2026-09-29 03:00:00-04:00,2026-09-29 07:51:00+00:00,51.0,20.0,68.0
2026-09-29 08:00:00+00:00,2026-09-29 04:00:00-04:00,2026-09-29 08:51:00+00:00,51.0,20.0,68.0
2026-09-29 09:00:00+00:00,2026-09-29 05:00:00-04:00,2026-09-29 09:51:00+00:00,51.0,20.0,68.0
2026-09-29 10:00:00+00:00,2026-09-29 06:00:00-04:00,2026-09-29 10:51:00+00:00,51.0,18.3,64.94
2026-09-29 11:00:00+00:00,2026-09-29 07:00:00-04:00,2026-09-29 11:51:00+00:00,51.0,18.9,66.02
2026-09-29 12:00:00+00:00,2026-09-29 08:00:00-04:00,2026-09-29 12:51:00+00:00,51.0,20.6,69.08
2026-09-29 13:00:00+00:00,2026-09-29 09:00:00-04:00,2026-09-29 13:51:00+00:00,51.0,22.8,73.04
2026-09-29 14:00:00+00:00,2026-09-29 10:00:00-04:00,2026-09-29 14:51:00+00:00,51.0,25.0,77.0
2026-09-29 15:00:00+00:00,2026-09-29 11:00:00-04:00,2026-09-29 15:51:00+00:00,51.0,26.7,80.06
2026-09-29 16:00:00+00:00,2026-09-29 12:00:00-04:00,2026-09-29 16:51:00+00:00,51.0,25.6,78.08
2026-09-29 17:00:00+00:00,2026-09-29 13:00:00-04:00,2026-09-29 17:51:00+00:00,51.0,26.1,78.98
2026-09-29 18:00:00+00:00,2026-09-29 14:00:00-04:00,2026-09-29 18:51:00+00:00,51.0,26.7,80.06
2026-09-29 19:00:00+00:00,2026-09-29 15:00:00-04:00,2026-09-29 19:51:00+00:00,51.0,26.1,78.98
2026-09-29 20:00:00+00:00,2026-09-29 16:00:00-04:00,2026-09-29 20:51:00+00:00,51.0,26.1,78.98
2026-09-29 21:00:00+00:00,2026-09-29 17:00:00-04:00,2026-09-29 21:51:00+00:00,51.0,26.7,80.06
2026-09-29 22:00:00+00:00,2026-09-29 18:00:00-04:00,2026-09-29 22:51:00+00:00,51.0,24.4,75.92
2026-09-29 23:00:00+00:00,2026-09-29 19:00:00-04:00,2026-09-29 23:51:00+00:00,51.0,21.7,71.06
2026-09-30 00:00:00+00:00,2026-09-29 20:00:00-04:00,2026-09-30 00:51:00+00:00,51.0,21.7,71.06
2026-09-30 01:00:00+00:00,2026-09-29 21:00:00-04:00,2026-09-30 01:51:00+00:00,51.0,21.1,69.98
2026-09-30 02:00:00+00:00,2026-09-29 22:00:00-04:00,2026-09-30 02:51:00+00:00,51.0,21.1,69.98
2026-09-30 03:00:00+00:00,2026-09-29 23:00:00-04:00,2026-09-30 03:51:00+00:00,51.0,20.0,68.0
2026-09-30 04:00:00+00:00,2026-09-30 00:00:00-04:00,2026-09-30 04:51:00+00:00,51.0,18.9,66.02
2026-09-30 05:00:00+00:00,2026-09-30 01:00:00-04:00,2026-09-30 05:51:00+00:00,51.0,18.3,64.94
2026-09-30 06:00:00+00:00,2026-09-30 02:00:00-04:00,2026-09-30 06:51:00+00:00,51.0,17.2,62.959999999999994
2026-09-30 07:00:00+00:00,2026-09-30 03:00:00-04:00,2026-09-30 07:51:00+00:00,51.0,16.7,62.059999999999995
2026-09-30 08:00:00+00:00,2026-09-30 04:00:00-04:00,2026-09-30 08:51:00+00:00,51.0,16.1,60.980000000000004
2026-09-30 09:00:00+00:00,2026-09-30 05:00:00-04:00,2026-09-30 09:51:00+00:00,51.0,16.1,60.980000000000004
2026-09-30 10:00:00+00:00,2026-09-30 06:00:00-04:00,2026-09-30 10:51:00+00:00,51.0,16.1,60.980000000000004
2026-09-30 11:00:00+00:00,2026-09-30 07:00:00-04:00,2026-09-30 11:51:00+00:00,51.0,16.7,62.059999999999995
2026-09-30 12:00:00+00:00,2026-09-30 08:00:00-04:00,2026-09-30 12:51:00+00:00,51.0,18.3,64.94
2026-09-30 13:00:00+00:00,2026-09-30 09:00:00-04:00,2026-09-30 13:51:00+00:00,51.0,22.2,71.96
2026-09-30 14:00:00+00:00,,,,,
2026-09-30 15:00:00+00:00,,,,,
2026-09-30 16:00:00+00:00,,,,,
2026-09-30 17:00:00+00:00,,,,,
2026-09-30 18:00:00+00:00,,,,,
2026-09-30 19:00:00+00:00,,,,,
2026-09-30 20:00:00+00:00,,,,,
2026-09-30 21:00:00+00:00,,,,,
2026-09-30 22:00:00+00:00,,,,,
2026-09-30 23:00:00+00:00,,,,,
2026-10-01 00:00:00+00:00,,,,,
2026-10-01 01:00:00+00:00,,,,,
2026-10-01 02:00:00+00:00,,,,,
2026-10-01 03:00:00+00:00,,,,,
